0,"PNB to bring down NPAs, ensure high loan recoveries: Atul Kumar Goel","May 12, 2022, Thursday"
1,"SBI hikes bulk deposits rates by 40-90 bps, with immediate effect","May 10, 2022, Tuesday"
2,CSB Bank hopes to double its credit growth annually for next three years,"May 09, 2022, Monday"
3,Rate hike: HDFC Bank raises MCLR by 25 basis points across all tenures,"May 09, 2022, Monday"
4,"Central Bank of India to close 600 branches by March 2023, says report","May 05, 2022, Thursday"
5,Bank credit growth to hit 4-year high of 11-12% in FY23: CRISIL,"April 29, 2022, Friday"
6,ICICI Bank launches India's 'open-for-all' digital ecosystem for MSMEs,"April 28, 2022, Thursday"
7,Fintech platfrom FidyPay partners Yes Bank to push financial inclusion,"April 28, 2022, Thursday"
8,AU Small Finance Bank looking at 30% asset growth for five years,"April 28, 2022, Thursday"
9,RBI may be more open to granting credit card licences to NBFCs: Macquarie,"April 22, 2022, Friday"
10,"Markets open, banks shut: Investors suffered after RBI holiday on Feb 7","April 07, 2022, Thursday"
11,"CARE upgrades rating for YES Bank's tier-II, infra bonds to ""BBB+""","April 07, 2022, Thursday"
12,HDFC giants' merger is a joint-family deal made for a changing India,"April 06, 2022, Wednesday"
13,HDFC Bank-HDFC merger: Regulatory changes for NBFCs proved decisive,"April 06, 2022, Wednesday"
14,Bandhan Bank's overall collection efficiency ratio stands at 96%,"April 05, 2022, Tuesday"
15,Centre asked to see PIL seeking uniform banking code for forex transactions,"April 05, 2022, Tuesday"
16,Gupshup acquires Active.Ai to strengthen customer experience solutions,"April 05, 2022, Tuesday"
17,"Bad loans to decline to 5.6-5.7% level by March 2023, says ICRA","April 05, 2022, Tuesday"
18,YES Bank's loan book expands by 8.8% to Rs 1.81 trillion in FY22,"April 05, 2022, Tuesday"
19,How Axis Bank gains from Citibank: It's about quality of customers,"April 04, 2022, Monday"
20,Shifting Citi,"March 31, 2022, Thursday"
21,"Punjab National Bank plans to raise Rs 12,000 crore through bonds","March 29, 2022, Tuesday"
22,"Centre may seek crypto log on transactions from banks, exchanges","March 24, 2022, Thursday"
23,Banks put in lesser amounts in VRRR auctions ahead of FY22-end,"March 22, 2022, Tuesday"
24,Par panel cautions govt against early euphoria over NPA reduction,"March 22, 2022, Tuesday"
25,PNB board to consider debt raising plan for FY23 on Mar 29,"March 21, 2022, Monday"
26,"RBI will ensure stability in the forex market, says Shaktikanta Das","March 17, 2022, Thursday"
27,Calibrated approach to bank privatisation needed: Industry leaders,"March 17, 2022, Thursday"
28,BS Banking Annual: 'It is opportunity NBFCs rather than advantage NBFCs',"March 17, 2022, Thursday"
29,"Banks, fintech firms need to collaborate to reach the unserved population","March 17, 2022, Thursday"
30,BS CEO round table: Six bank chiefs agree that worst is over for industry,"March 17, 2022, Thursday"
31,BS SFB round table: 'We have gone through 2 major crises since the birth',"March 17, 2022, Thursday"
32,How did a five-member external jury select the BS Banker of the Year?,"March 17, 2022, Thursday"
33,Small can be more beautiful: Biz model of SFBs may need to be tweaked,"March 17, 2022, Thursday"
34,The deadweight of banking fraud in India: What's the weak link?,"March 17, 2022, Thursday"
35,Banking sector is slowly emerging from after-effects of 3 waves of Covid-19,"March 17, 2022, Thursday"
36,"Recouping lost credit card share to be 'gradual', says HDFC Bank","March 15, 2022, Tuesday"
37,Ukraine impact: India's private banks may feel the heat from weak macros,"March 14, 2022, Monday"
38,March out of retail: Why are foreign banks clinging to corporate banking?,"March 14, 2022, Monday"
39,Moderate asset quality pressure may re-emerge for banks: Fitch,"March 12, 2022, Saturday"
40,"Bank loans rose 7.9% YoY in two weeks to Feb 25, deposits up 8.6%: RBI","March 11, 2022, Friday"
41,Innovative tech creating unprecedented disruption in banking sector: Khara,"March 11, 2022, Friday"
42,"Canara Bank raises Rs 1,000 cr through Basel-III compliant AT-1 bonds","March 04, 2022, Friday"
43,Urban cooperative banks get relief for investing in umbrella organisation,"March 03, 2022, Thursday"
44,Banks concerned as trade settlements with Russia stall in face of sanctions,"March 02, 2022, Wednesday"
45,"From banking to sports to vodka, Russia's isolation grows amid Ukraine war","March 01, 2022, Tuesday"
46,ABG Shipyard's debt conversion in bankruptcy case adhered to rules: Banks,"February 28, 2022, Monday"
47,LIC IPO: Bankers buy time to decide on valuations amid market mayhem,"February 26, 2022, Saturday"
48,DBS Bank India migrates to new IFSC and MICR codes of erstwhile LVB,"February 25, 2022, Friday"
49,"Rupee sinks 109 paise, worst in Asia; RBI intervenes to reduce volatility","February 25, 2022, Friday"
50,PSB recap bonds fair valuing to dent Tier-1 capital up to 1.75%: Ind-Ra,"February 23, 2022, Wednesday"
51,"HSBC says its profit tripled in 2021 to $12.6 billion, outlook 'good'","February 22, 2022, Tuesday"
52,'Gold loan NBFCs may adopt aggressive growth strategies amid competition',"February 21, 2022, Monday"
53,FM Nirmala Sitharaman asks banks to be more customer-friendly,"February 21, 2022, Monday"
54,NBFCs seek priority sector tag for 2-wheeler loans financed by bank credit,"February 18, 2022, Friday"
55,CSB Bank gets RBI nod to appoint Pralay Mondal as Deputy Managing Director,"February 18, 2022, Friday"
56,"Three shipyards account for bulk of Rs 44,000 cr banks lost to the industry","February 17, 2022, Thursday"
57,LIC IPO applications: Banks told to raise UPI per-transaction cap,"February 17, 2022, Thursday"
58,More capital support to IDBI Bank may have adverse impact on LIC: DRHP,"February 15, 2022, Tuesday"
59,"ABG Shipyard fraud: Banks' detection faster than usual, says FM Sitharaman","February 14, 2022, Monday"
60,Banks in India can offer foreign currency-settled rupee derivatives,"February 10, 2022, Thursday"
61,"Spike in credit demand from corporate, RAM segments: Indian Bank MD & CEO","February 09, 2022, Wednesday"
62,DCB Bank Q3 net down 21.9% YoY to Rs 75 cr as other income falls,"February 09, 2022, Wednesday"
63,Punjab and Sind Bank post Rs 301 cr net profit in Q3 versus year-ago loss,"February 07, 2022, Monday"
64,City Union Bank Q3 net rises 15% to Rs 196 crore on lower provisioning,"February 04, 2022, Friday"
65,IOB Q3 net profit goes up by 113% as provisions decline sharply,"February 02, 2022, Wednesday"
66,"Beyond the third wave: Rural economy, banking recovery, and more","February 02, 2022, Wednesday"
67,"Govt expects 27% lower dividend at Rs 74,000 cr from RBI and banks in FY'23","February 01, 2022, Tuesday"
68,Banks' loans rose 8% YoY in two weeks to January 14: RBI data,"January 28, 2022, Friday"
69,Punjab National Bank looking to further dilute its stake in UTI Mutual Fund,"January 28, 2022, Friday"
70,Central Bank Q3 profit jumps 69% at Rs 279 cr on core income growth,"January 28, 2022, Friday"
71,Fino Payments Bank net profit rises 116% at Rs 14.1 crore in Dec quarter,"January 27, 2022, Thursday"
72,"Airtel Payments Bank customers' deposit surges 75% to Rs 1,000 cr in 2021","January 27, 2022, Thursday"
73,Wall St: Investors may take shelter in US regional banks as Fed hikes loom,"January 22, 2022, Saturday"
74,Rupee rises 8 paise to close at 74.43 against US dollar on easing oil price,"January 21, 2022, Friday"
75,"Bankers need not have heartburn, LIC staff deserved better pay: AIIEA","January 20, 2022, Thursday"
76,"Tech, banking among sectors that will be the hottest stock picks for 2022","January 19, 2022, Wednesday"
77,PMC Bank merger with Unity Small Finance Bank awaits govt approval,"January 16, 2022, Sunday"
78,SBI hikes interest rates on fixed deposits by up to 10 basis points,"January 15, 2022, Saturday"
79,"Bank credit grows 9.16%, deposits up 10.28%, says RBI data","January 14, 2022, Friday"
80,"REC raises $1,175 million from a consortium of seven banks","January 14, 2022, Friday"
81,"Libor, the most important number in international finance, dies at 52","January 13, 2022, Thursday"
82,State Bank of India raises $300 million of Regulation S Formosa bonds,"January 13, 2022, Thursday"
83,Ex-RBI governor Urjit Patel appointed as vice president of AIIB,"January 11, 2022, Tuesday"
84,SBI invites applications for head of digital banking till January 28,"January 11, 2022, Tuesday"
85,CSB Bank eyes new highs as CEO CVR Rajendran retires on health grounds,"January 10, 2022, Monday"
86,Centre seeks relaxation in promoter shareholding cap for IDBI Bank sale,"January 07, 2022, Friday"
87,RBI hikes threshold for deposits of non-financial small biz customers,"January 07, 2022, Friday"
88,Bandhan Bank collection efficiency ratio increases to 93 pc in December,"January 05, 2022, Wednesday"
89,Airtel Payments Bank gets permission to function as scheduled bank from RBI,"January 05, 2022, Wednesday"
90,"Large, mid-sized banks report 11-23% loan growth in December quarter","January 05, 2022, Wednesday"
91,SBI: A limited account,"January 04, 2022, Tuesday"
92,Bad loans of small finance banks may go up 70-80 bps by FY22-end,"January 04, 2022, Tuesday"
93,Banking at a crossroads: Why 2022 may well be another reset year,"January 03, 2022, Monday"
94,How l'affaire RBL Bank may impact RBI's equation with entities it regulates,"January 03, 2022, Monday"
95,Return to normalcy will be the norm in 2022,"January 02, 2022, Sunday"
96,Things to watch out for in 2022,"January 02, 2022, Sunday"
97,RBL Bank attempts to boost depositors' trust after CEO's sudden exit,"January 01, 2022, Saturday"
98,NITI Aayog senior advisor Anna Roy among top 30 fintech influencers,"December 31, 2021, Friday"
99,Asheesh Pandey takes charge of Bank of Maharashtra's executive director,"December 31, 2021, Friday"
100,Credit card spends dip 11.6% in November after record show in October,"December 31, 2021, Friday"
101,RBL Bank sets up panel to hunt for managing director & CEO,"December 31, 2021, Friday"
102,IDFC First Bank board favours merger with promoter entities,"December 31, 2021, Friday"
103,IDFC FIRST Bank begins process for 3-way merger; stock ends flat,"December 30, 2021, Thursday"
104,SBI to acquire nearly 10% stake in India International Clearing Corporation,"December 30, 2021, Thursday"
105,Pvt cryptocurrencies pose immediate risks to customer protection: RBI,"December 30, 2021, Thursday"
106,"Bank NPAs may go beyond 8% by September 2022, says RBI report","December 30, 2021, Thursday"
107,Private banks seeing jump in number of online frauds: RBI report,"December 30, 2021, Thursday"
108,Limits of progress,"December 29, 2021, Wednesday"
109,AU Small Finance Bank inducts ex-RBI deputy governor H R Khan on its board,"December 28, 2021, Tuesday"
110,RBI approves re-designation of Rajiv Anand as Axis Bank Deputy MD,"December 28, 2021, Tuesday"
111,"Pune Police book Saraswat Bank chairman, MD, 6 others in cheating case","December 28, 2021, Tuesday"
112,Banking sector set to witness significant reforms in the new year,"December 26, 2021, Sunday"
113,Citicorp Finance reworking business strategy to focus on corporate lending,"December 25, 2021, Saturday"
114,Merchants seek six more months to meet card data storage norms,"December 23, 2021, Thursday"
115,Banks need additional $70 bn to back $5- trn GDP: SBI's Dinesh Khara,"December 23, 2021, Thursday"
116,"Technology is causing disruptions in banking, says K V Kamath","December 23, 2021, Thursday"
117,"YES Bank board approves raising funds up to Rs 10,000 crore","December 21, 2021, Tuesday"
118,"Governance to groundwork for digital biz, the year that was 2021 for RBI","December 20, 2021, Monday"
119,New licensing regime for UCBs on the cards after a 17-year standstill,"December 20, 2021, Monday"
120,On the cusp of an orbital jump,"December 19, 2021, Sunday"
121,"SBI's exposure to road sector at Rs 90,000 crore, says Dinesh Khara","December 17, 2021, Friday"
122,Two-day nationwide bank strike ends; services across country hit,"December 17, 2021, Friday"
123,"ICICI Bank raises Rs 5,000 crore debt capital by issuing bonds","December 17, 2021, Friday"
124,India is mulling changes in law to cut govt's stake in banks: Report,"December 17, 2021, Friday"
125,Top headlines: Byju's may go public; strike cripples banking services,"December 16, 2021, Thursday"
126,State Bank of India attempts to dissuade employees from striking work,"December 14, 2021, Tuesday"
127,Bank of Maharashtra lowers home loan rate to all-time low of 6.4%,"December 12, 2021, Sunday"
128,NHB seeking agency for data on unsold properties across 50 cities,"December 12, 2021, Sunday"
129,Rules on banks' investment portfolios to be revamped first time in 21 years,"December 09, 2021, Thursday"
130,"Ease of doing biz, bank sector support will boost telecom industry: Birla","December 08, 2021, Wednesday"
131,"'PSBs recovered Rs 4.18 trn related to frauds, defaults in last 3 fiscals'","December 07, 2021, Tuesday"
132,Dhanlaxmi Bank Part-Time Chairman G Subramonia Iyer submits his resignation,"December 02, 2021, Thursday"
133,Privatisation of PSBs: Two-day bank strike from December 16,"December 02, 2021, Thursday"
134,"With Farm Laws Repeal Bill & crypto on agenda, winter session begins today","November 28, 2021, Sunday"
135,"RBI stance signals easier framework for setting up banks, say experts","November 27, 2021, Saturday"
136,"Wilful defaults Rs 62,000 crore higher than before Covid pandemic","November 25, 2021, Thursday"
137,Sahakar Bharati may seek tweaks in PMC Bank's draft merger scheme,"November 24, 2021, Wednesday"
138,Bad-loan market may see a flurry of activity after lull of past few years,"November 22, 2021, Monday"
139,Strengthening financial sector,"November 18, 2021, Thursday"
140,Govt to set up working groups to prepare action plan: Bank officials,"November 18, 2021, Thursday"
141,Banking sector strong today due to current regime's reforms: PM Modi,"November 18, 2021, Thursday"
142,"Banks' core earnings face heat from poor credit growth, low yields on loans","November 13, 2021, Saturday"
143,"Dip in provisions helps PSB profits jump 94% to Rs 17,312 crore in Q2","November 13, 2021, Saturday"
144,A brave new world of banking,"November 11, 2021, Thursday"
145,"BFSI Summit: Worst is behind, slippages may rise, say India's top bankers","November 11, 2021, Thursday"
146,"RBI governor, top bankers to bring down curtains on BS-BFSI summit today","November 09, 2021, Tuesday"
147,RBI imposes curbs on Maharashtra-based Babaji Date Mahila Sahakari Bank,"November 08, 2021, Monday"
148,Utkarsh Small Finance Bank reports Rs 38 cr profit for Apr-Sept FY22,"November 08, 2021, Monday"
149,"Best of BS Opinion: Pratip Chaudhuri's arrest, infinite learning, and more","November 08, 2021, Monday"
150,Is the sparkle returning? Banks are now better placed to handhold India Inc,"November 08, 2021, Monday"
151,"Next quarter onwards, hope to see positive growth: PNB Housing Finance CEO","November 05, 2021, Friday"
152,Credit Suisse takes axe to broking biz after multibillion-dollar losses,"November 05, 2021, Friday"
153,"Best of BS Opinion: Towards net zero, banking accountability, and more","November 03, 2021, Wednesday"
154,"Bank of India profit zooms 100% to Rs 1,051 crore on low provisions","November 03, 2021, Wednesday"
155,Alchemist ARC to move Jaisalmer court against Pratip Chaudhuri's arrest,"November 02, 2021, Tuesday"
156,Be vigilant to vulnerabilities: RBI governor Shaktikanta Das to banks,"November 02, 2021, Tuesday"
157,"Festive season: Credit card spends jump 57% in September, shows data","November 02, 2021, Tuesday"
158,Appropriate governance standards at banks needed for public trust: RBI DG,"November 02, 2021, Tuesday"
159,"SBI ex-chief Pratip Chaudhuri arrested, sent to 14-day judicial custody","November 02, 2021, Tuesday"
160,Yes Bank appoints Sharad Sharma non-executive director,"November 01, 2021, Monday"
161,Bankers in a state of shock after former SBI chairman Chaudhuri's arrest,"November 01, 2021, Monday"
162,IDFC First Bank net profit up nearly 50% at Rs 152 cr in Sep qtr,"October 30, 2021, Saturday"
163,"BFSI Summit: There's so much to sell, everyone can make money, say experts","October 30, 2021, Saturday"
164,"Govt appoints KV Kamath as chairperson of newly set up Rs 20,000-cr DFI","October 27, 2021, Wednesday"
165,"Punjab National Bank quarterly profit jumps 78% to Rs 1,105 crore","October 27, 2021, Wednesday"
166,Peanut penalty and reputation risks for banks,"October 25, 2021, Monday"
167,"YES Bank Q2 net up 74% to Rs 225 cr on lower provisions, NII shrinks 23%","October 22, 2021, Friday"
168,IDBI Bank Q2 net profit surges 75% to Rs 567 cr; NIM improves,"October 21, 2021, Thursday"
169,Banks' microloan portfolio contracts 7% to Rs 2.36 trillion in June quarter,"October 21, 2021, Thursday"
170,Gross NPAs of banks may decline to 6.9% by March 2022: Report,"October 20, 2021, Wednesday"
171,"BS BFSI Summit: Economic recovery is on but risks lie ahead, say economists","October 19, 2021, Tuesday"
172,Cash going to co-exist with central bank digital currency: Subbarao,"October 18, 2021, Monday"
173,"HDFC Bank Q2 net up 18% to Rs 8,834 cr, steady rise in interest, fee income","October 16, 2021, Saturday"
174,Contenders for Citibank's retail arm still in due diligence stage,"October 14, 2021, Thursday"
175,Banks must be ready for fully convertible capital account: RBI Dy Governor,"October 14, 2021, Thursday"
176,"UCO Bank chief A K Goel is new IBA chairman, succeeds Union Bank MD","October 14, 2021, Thursday"
177,Earnings preview: Bank profits to show steady rise despite provisions,"October 12, 2021, Tuesday"
178,Privatisation is far more difficult than consolidation,"October 10, 2021, Sunday"
179,Banks need to accelerate green lending for sustainable growth: SBI chief,"October 07, 2021, Thursday"
180,"SBI stock trades higher for third straight session, nears record high","October 06, 2021, Wednesday"
181,State-owned Canara Bank cuts MCLR by up to 15 bps,"October 05, 2021, Tuesday"
182,"HDFC Bank launches Festive Treats 3.0 with over 10,000 offers","October 05, 2021, Tuesday"
183,"Yes Bank posts 3.6% growth in advances at Rs 1,72,945 cr in Sep quarter","October 04, 2021, Monday"
184,"New RBI norms kick in today, may hit 50% recurring payments","October 01, 2021, Friday"
185,ICRA flags asset quality pressure risk for IDBI Bank due to pandemic,"October 01, 2021, Friday"
186,"Bank of India raises Rs 1,800 cr via Basel-III-compliant bonds","September 30, 2021, Thursday"
187,"Banks disburse Rs 7,500 cr under Credit Guarantee Scheme for microfinancing","September 29, 2021, Wednesday"
188,Centre starts talks with RBI to kick off bank privatisation process,"September 28, 2021, Tuesday"
189,RBI imposes Rs 2 crore penalty on RBL Bank for regulatory non-compliance,"September 27, 2021, Monday"
190,HDFC sells part of invoked shares of Ansal Housing to recover dues,"September 25, 2021, Saturday"
191,"7 am-7 pm: The business hours of digital fraudsters, says HDFC Bank","September 24, 2021, Friday"
192,Bank deposits rise 12% in FY21 on higher CASA growth: RBI data,"September 24, 2021, Friday"
193,Banks should be more liberal on issues like exchange rates: Goyal,"September 23, 2021, Thursday"
194,"Axis Bank commits Rs 30,000 cr till FY26 towards sustainable lending","September 22, 2021, Wednesday"
195,DICGC asks 21 stressed cooperative banks to prepare list of account holders,"September 22, 2021, Wednesday"
196,An existential crisis for banking sector?,"September 20, 2021, Monday"
197,Punjab National Bank cuts repo-based lending rate by 25 bps to 6.55%,"September 17, 2021, Friday"
198,RBI nod to special committee to oversee operations at Ujjivan SFB,"September 16, 2021, Thursday"
199,Sebi mulls carving out separate AIF category to buy distressed loans,"September 16, 2021, Thursday"
200,Indian Banks' Association to steer 'EASE reforms' in public sector banks,"September 15, 2021, Wednesday"
201,Gross NPAs of banks to cross Rs 10 trn by March 2022: Study,"September 14, 2021, Tuesday"
202,We want Federal Bank to be the 'Rahul Dravid' of banking space: MD-CEO,"September 13, 2021, Monday"
203,"Trust between govt, industry key to use opportunities created by Covid: FM","September 13, 2021, Monday"
204,"After Q1 spike, NBFC bad loans to ease in FY22 as collections improve: Icra","September 13, 2021, Monday"
205,Indian banks' improved performance in contrast to stress from Covid: Fitch,"September 10, 2021, Friday"
206,Bank of Baroda's launches one-stop digital platform 'bob World',"September 08, 2021, Wednesday"
207,RBI penalises 2 co-op banks for deficiencies in regulatory compliance,"September 08, 2021, Wednesday"
208,Centre appoints Harsha Bhupendra Bangari as EXIM Bank MD,"September 07, 2021, Tuesday"
209,Ind-Ra retains 'stable' outlook on Indian banking sector in FY22,"September 07, 2021, Tuesday"
210,RBI imposes Rs 50 lakh penalty on Bombay Mercantile Co-operative Bank,"September 03, 2021, Friday"
211,Bank of Maharashtra expects total business to cross Rs 3 trn soon,"September 03, 2021, Friday"
212,Cathie Wood's fintech ETF sells HDFC Bank for first time since May,"September 03, 2021, Friday"
213,RBI fines Axis Bank Rs 25 lakh for flouting KYC norms,"September 01, 2021, Wednesday"
214,Not an easy gateway for BillDesk to India's billing ecosystem,"September 01, 2021, Wednesday"
215,"PNB waives all service charge, processing fee on retail products","August 31, 2021, Tuesday"
216,IDFC First Bank aims retail loan book growth of 25% on long-term basis,"August 29, 2021, Sunday"
217,FinMin exploring insurance bonds as alternative to bank guarantees,"August 24, 2021, Tuesday"
218,"Banks recast loans worth Rs 35,000 crore under RBI's second scheme","August 21, 2021, Saturday"
219,HDFC Bank's $1-billion global AT-1 bond issue priced at 3.7%,"August 18, 2021, Wednesday"
220,HDFC Bank can start issuing credit cards again as RBI eases curbs,"August 17, 2021, Tuesday"
221,"Of Covid deaths, bank deposits and bad loans","August 15, 2021, Sunday"
222,"AU Small Bank eyes Universal banking status in 2-3 yrs, says MD-CEO","August 11, 2021, Wednesday"
223,A new phishing attack lurking to scam banking customers: Advisory,"August 11, 2021, Wednesday"
224,Track up to 29-day dues in micro-loans to contain slippages: Sidbi,"August 11, 2021, Wednesday"
225,Indian bankers in talks as court rulings threaten over $6 billion in loans,"August 08, 2021, Sunday"
226,"PSU banks mobilise record fund of Rs 58,700 crore from markets in FY'21","August 01, 2021, Sunday"
227,"Deposit insurance: Urban cooperative banks major beneficiaries, shows data","July 30, 2021, Friday"
228,"Union Bank of India Q1 standalone net profit zooms to Rs 1,181 crore","July 29, 2021, Thursday"
229,SBI inches towards record high ahead of Q1 results; stock up 3%,"July 29, 2021, Thursday"
230,HDFC enhances existing limit to borrow via medium-term bonds up to $2.8 bn,"July 28, 2021, Wednesday"
231,Statsguru: Performance and challenges of co-operative sector in India,"July 26, 2021, Monday"
232,Banker's Trust: Tamal Bandyopadhyay on the facts and fiction of Mudra loans,"July 25, 2021, Sunday"
233,"Covid-19 wave intensifies pressure points for small, mini non-banks: Report","July 23, 2021, Friday"
234,Federal Bank posts 13% decline in net profit to Rs 356.8 cr for Jun quarter,"July 23, 2021, Friday"
235,RBI eases norms for loans given by banks to directors of other banks,"July 23, 2021, Friday"
236,RBI clarifies IDFC can exit bank as a promoter as lock-in period ends,"July 21, 2021, Wednesday"
237,HDFC Bank dips 3% as June quarter results miss Street estimates,"July 19, 2021, Monday"
238,We helped shrink the working capital cycle: CredAble's Nirav Choksi,"July 19, 2021, Monday"
239,Hope to get buyer for consumer biz by Q4: Citi India CEO Ashu Khullar,"July 19, 2021, Monday"
240,"HDFC Bank writes off Rs 3,100-crore NPAs in the April-June quarter","July 18, 2021, Sunday"
241,"Think digital, think detail to drive growth","July 18, 2021, Sunday"
242,Bank nationalisation: 52 years and ticking,"July 18, 2021, Sunday"
243,"Reduction in NPAs for PSBs due to write-offs at Rs 1,31,894 cr in FY21: RTI","July 16, 2021, Friday"
244,Physical bank branches will continue to play key role in rural areas,"July 15, 2021, Thursday"
245,External benchmark system improves monetary transmission: RBI Article,"July 15, 2021, Thursday"
246,RBI proposes tweaks to capital-raising guidelines for urban co-op banks,"July 14, 2021, Wednesday"
247,Bigâ€ˆbanks expand share in corporate lending amid pandemic stress,"July 14, 2021, Wednesday"
248,Banks may encounter legal hurdles in invoking personal guarantees,"July 14, 2021, Wednesday"
249,"Credit card buys seen 8% lower in Apr-June quarter, say analysts","July 13, 2021, Tuesday"
250,"Banks explore option of invoking personal guarantee of promoters, says SC","July 12, 2021, Monday"
251,Pandemic helped all banks in improving digital transactions: CSB Bank CEO,"July 12, 2021, Monday"
252,Deutsche Bank India branches report 48% jump in net profit in FY21,"July 08, 2021, Thursday"
253,"Correction in bank stocks offers a good entry point: Gautam Duggad, MOFSL","July 08, 2021, Thursday"
254,Understanding the Riemann Hypothesis: Why it's a high-stakes puzzle,"July 07, 2021, Wednesday"
255,Private banks' loan books shrink in Q1 amid second wave of Covid-19,"July 06, 2021, Tuesday"
256,"Despite massive jump in M&As, IPOs, i-banking fees dip 10% to $438 mn in H1","July 05, 2021, Monday"
257,IndusInd Bank's net advances jump to Rs 2.11 trn at end of June 2021,"July 05, 2021, Monday"
258,"Yes Bank's loans, advances shrink marginally at Rs 1.63 trn by end of June","July 05, 2021, Monday"
259,Reserve Bank of India imposes Rs 25 lakh penalty on Punjab & Sind Bank,"July 03, 2021, Saturday"
260,Alibaba founders pledge shares for loans from global banks: Report,"July 02, 2021, Friday"
261,Broad categories register 'medium' risks for financial system: RBI survey,"July 01, 2021, Thursday"
262,Some stability returns,"July 01, 2021, Thursday"
263,Wilful defaults fall marginally in pandemic-hit FY21: TransUnion CIBIL data,"June 30, 2021, Wednesday"
264,"Personal loan offtake rose in fiscal year 2021, industrial loans contracts","June 30, 2021, Wednesday"
265,Banks not in a hurry to hike interest rates on deposits despite price rise,"June 30, 2021, Wednesday"
266,Private sector banks' share in loans rises to 36.5% in FY21,"June 29, 2021, Tuesday"
267,Cabinet may soon clear proposal for govt guarantee to bad bank,"June 29, 2021, Tuesday"
268,Statsguru: What bank deposits data tells us about Covid disruption,"June 28, 2021, Monday"
269,"SBI ready to meet credit growth spike, expects loan book to grow 9% in FY22","June 26, 2021, Saturday"
270,"RBI sets rules for appointment of MDs, WTDs of urban cooperative banks","June 26, 2021, Saturday"
271,SBI better positioned to tackle any subsequent Covid-19 wave: Khara,"June 25, 2021, Friday"
272,"After a washed-out Q1, bankers hope to cash in on revival starting July","June 25, 2021, Friday"
273,India's bank credit-to-GDP ratio inches up to 56% in 2020: BIS data,"June 24, 2021, Thursday"
274,ED attached assets more than money due to banks: Mehul Choksi's lawyer,"June 23, 2021, Wednesday"
275,"SBI may need to raise only up to Rs 9,000 crore in capital in FY22","June 23, 2021, Wednesday"
276,'Money is being thrown' at them but millennials don't want to be bankers,"June 23, 2021, Wednesday"
277,"NARCL pegs its funding requirement at Rs 6,000 crore: Details here","June 23, 2021, Wednesday"
278,A new structure of financial regulation,"June 20, 2021, Sunday"
279,Concealing material fact can lead to rejection,"June 20, 2021, Sunday"
280,State-owned UCO Bank looks to raise up to Rs 500 crore,"June 19, 2021, Saturday"
281,Cyber fraud helpline brings banks and police together: Here's how it works,"June 19, 2021, Saturday"
282,Microfinance loan book grows 10% sequentially to Rs 2.53 trillion in Q4,"June 18, 2021, Friday"
283,SBI to sell two NPA accounts next month to recover dues of Rs 60 cr,"June 17, 2021, Thursday"
284,HDFC Bank says working with RBI for restarting banned services,"June 17, 2021, Thursday"
285,"CBI books Ruchi Global, its directors for Rs 188 crore bank fraud","June 17, 2021, Thursday"
286,Total haircut of 95.85% to all the creditors in Videocon resolution plan,"June 16, 2021, Wednesday"
287,"Canara Bank to be lead sponsor of bad bank, to pick up 12% stake","June 15, 2021, Tuesday"
288,BoB to offer flexible working model to employees; focus on mobile banking,"June 15, 2021, Tuesday"
289,Indian Overseas Bank fourth quarter profit rises over 2-folds to Rs 350 cr,"June 14, 2021, Monday"
290,"Bank of India allots shares to govt for Rs 3,000 crore capital infusion","June 11, 2021, Friday"
291,'Not an expert': SC declines to pass order on loan moratorium amid Covid,"June 11, 2021, Friday"
292,Global bank regulators plot toughest capital regulation for bitcoin,"June 10, 2021, Thursday"
293,"SBI-controlled RRBs see four-fold jump in net profit at Rs 1,004 cr in FY21","June 09, 2021, Wednesday"
294,"India offers huge potential for digital challenger banks, says report","June 09, 2021, Wednesday"
295,Bank of Baroda to sell 46 NPA accounts to recover Rs 597 crore,"June 08, 2021, Tuesday"
296,State-owned banks getting ready for privatisation may come out with VRS,"June 08, 2021, Tuesday"
297,Equities offer best risk-reward in current environment: Validus Wealth CIO,"June 08, 2021, Tuesday"
298,"Reserve Bank imposes penalty on Bank of India, PNB totalling Rs 6 crore","June 07, 2021, Monday"
299,"Hopeful to come out of PCA framework very soon, says UCO Bank MD","June 07, 2021, Monday"
300,Taxation of startup exits needs a revisit: 3one4 Capital's Pranav Pai,"June 07, 2021, Monday"
301,"With borrowers unable to service loans, shadow banks are in for more pain","June 07, 2021, Monday"
302,Expect Rs 6K-cr loans to be restructured: PNB MD & CEO Mallikarjuna Rao,"June 07, 2021, Monday"
303,BoB board approves setting off losses against share premium account,"June 05, 2021, Saturday"
304,Punjab National Bank eyes three-fold rise in profit in fiscal 2022,"June 05, 2021, Saturday"
305,"Fund-rich banks unlikely to use RBI's special window of Rs 15,000 crore","June 05, 2021, Saturday"
306,Bank of Baroda may repatriate some capital from overseas business,"June 04, 2021, Friday"
307,India's IDBI Bank secures $239 mn debt judgment in UK High Court,"June 03, 2021, Thursday"
308,"Covid-19 pandemic: Banks' credit costs may rise to 2.4%, says S&P","June 03, 2021, Thursday"
309,Bank officers' union proposes guards for unmanned ATMs to check frauds,"June 02, 2021, Wednesday"
310,"Mallya case: Banks' claim of Rs 6,200-cr loss not imaginary, says court","June 02, 2021, Wednesday"
311,Union Bank of India appoints A K Vinod as chief compliance officer,"June 01, 2021, Tuesday"
312,Bank of Baroda shares close nearly 4% lower after fourth quarter net loss,"May 31, 2021, Monday"
313,"RBI's new norms to help enhance audit quality, transparency: Experts","May 30, 2021, Sunday"
314,"UCO Bank aims 7-10% growth in FY22, allots shares to government","May 28, 2021, Friday"
315,City Union Bank reports net profit of Rs 111 cr in March quarter,"May 28, 2021, Friday"
316,Bank credit growth decelerates to 5.6% in March from 6.4% last year,"May 28, 2021, Friday"
317,Karur Vysya Bank fourth quarter net profit rises 23% to Rs 104 crore,"May 28, 2021, Friday"
318,"Indian Bank posts net profit of Rs 1,709 crore for March quarter","May 28, 2021, Friday"
319,City Union Bank reports fourth quarter net profit at Rs 111.18 crore,"May 28, 2021, Friday"
320,"Canara Bank gets board approval to raise up to Rs 9,000 cr in FY22","May 28, 2021, Friday"
321,Banks in better position to manage stress in second Covid-19 wave: RBI,"May 28, 2021, Friday"
322,A warming planet is about to revolutionise how banks define risk,"May 27, 2021, Thursday"
323,"UCO Bank gets board nod for Rs 3,000-cr equity capital raise in FY22","May 27, 2021, Thursday"
324,Suryoday Small Finance Bank reports 89% dip in profit to Rs 12 cr in FY21,"May 27, 2021, Thursday"
325,UCO Bank Mar qtr net profit jumps about five-folds to Rs 80 crore,"May 27, 2021, Thursday"
326,"Banks need to monitor asset quality, prepare for higher provisioning: RBI","May 27, 2021, Thursday"
327,Karnataka Bank Q4 net profit rises 15% at Rs 31 cr; NII declines 13%,"May 26, 2021, Wednesday"
328,Govt to seek approval from Cabinet to set up a land bank company,"May 26, 2021, Wednesday"
329,"Bank credit grows by 6.02%; deposits up by 9.87%, RBI data shows","May 24, 2021, Monday"
330,Punjab & Sind Bank shares close over 4% higher after Q4 profit,"May 24, 2021, Monday"
331,RBI issues guidelines for merging district central co-op banks with state ones,"May 24, 2021, Monday"
332,Canara Bank board meeting on Friday to consider capital raise for this fiscal,"May 24, 2021, Monday"
333,RBI's new restructuring package for small borrowers: Will it work?,"May 24, 2021, Monday"
334,"State Bank of India Q4 profit up 80% at Rs 6,451 crore, beats estimates","May 22, 2021, Saturday"
335,South Indian Bank reports Rs 7 crore net profit in March quarter,"May 22, 2021, Saturday"
336,SBI's March quarter showing impresses Street; stock jumps over 5%,"May 22, 2021, Saturday"
337,Banks may transfer 80 large NPA accounts for resolution to National ARC,"May 20, 2021, Thursday"
338,RBI asks PSBs to implement recently announced measures 'in right earnest',"May 19, 2021, Wednesday"
339,Mumbai Angels back cloud-based neobank Nemo with undisclosed funding amount,"May 14, 2021, Friday"
340,"God's own patience: Meet Padmakumar Madhavan Nair, MD & CEO of NARCL","May 14, 2021, Friday"
341,Govt likely to drop plan to decriminalise cheque bounce offences,"May 12, 2021, Wednesday"
342,State Bank of India's Padmakumar M Nair named as CEO of proposed bad bank,"May 12, 2021, Wednesday"
343,Jose Kattoor named RBI Executive Director with effect from May 4,"May 10, 2021, Monday"
344,"With banks blindsided by Covid-19, incidence of fraud may well have gone up","May 10, 2021, Monday"
345,Why Citibank is selling its consumer business in India,"May 09, 2021, Sunday"
346,"MFIs, banks need to revisit micro-loan pricing: CreditAccess Grameen MD","May 09, 2021, Sunday"
347,DCB Bank net profit rises 13% to Rs 78 crore in January-March quarter,"May 08, 2021, Saturday"
348,"Bank credit shrinks by Rs 89,087 cr in April on second wave impact","May 07, 2021, Friday"
349,RBI's rescue act,"May 05, 2021, Wednesday"
350,Markets may be ignoring banks' NPA risk from second coronavirus wave,"May 05, 2021, Wednesday"
351,"RBL Bank net declines 34% in Q4 on higher provisions, drop in NII","May 04, 2021, Tuesday"
352,"RBL Bank Q4 net dives 34% as provisions on credit cards, MFI loans rise","May 04, 2021, Tuesday"
353,Covid-19 second wave: Clamour for packages for banks and NBFCs grows,"May 04, 2021, Tuesday"
354,"Mphasis to set up nearshore centre near London, expects to invest GBP 25 mn","May 04, 2021, Tuesday"
355,"Reserve Bank to strengthen risk-based supervision of banks, NBFCs","May 02, 2021, Sunday"
356,Will try to keep interest rate benign for as long as possible: SBI chief,"May 02, 2021, Sunday"
357,State Bank of India reduces home loan interest rates to 6.7%,"May 01, 2021, Saturday"
358,"YES Bank posts net loss of Rs 3,788 crore in Q4 as provisions rise","April 30, 2021, Friday"
359,Bank of Maharashtra net profit jumps to Rs 165 cr in March quarter,"April 29, 2021, Thursday"
360,Most bank CEOs have to hang up boots before 70 under latest RBI guidelines,"April 28, 2021, Wednesday"
361,Restructuring Deutsche Bank shows strongest quarter in seven years,"April 28, 2021, Wednesday"
362,"Axis Bank beats Street estimates, posts net profit of Rs 2,677 crore in Q4","April 27, 2021, Tuesday"
363,Markets maintain momentum for second straight day; bank stocks rally,"April 27, 2021, Tuesday"
364,"Tamilnad Mercantile Bank plans IPO of up to Rs 1,200 crore this fiscal","April 27, 2021, Tuesday"
365,"UBS, Nomura push global banks' Archegos losses beyond $10 billion","April 27, 2021, Tuesday"
366,State Bank of India board to consider raising $2 billion through bonds,"April 27, 2021, Tuesday"
367,HSBC Q1 profit rises 79% as Covid vaccine rollout sparks cautious optimism,"April 27, 2021, Tuesday"
368,"RBI fixes private bank MD, CEO tenures at 15 years; compliance by Oct 1","April 27, 2021, Tuesday"
369,Banking stocks fuel indices' steep jump amid retreat in US bond yields,"April 26, 2021, Monday"
370,SBI Card fourth quarter net doubles to Rs 175 cr; FY'21 profit drops 21 pc,"April 26, 2021, Monday"
371,In the digital cross-hair: CTOs will have to be all-rounder for banks,"April 26, 2021, Monday"
372,How falling prices may impact the quality of gold loans for banks,"April 26, 2021, Monday"
373,Payments banks' search for right business model,"April 25, 2021, Sunday"
374,JPMorgan admits it misjudged by backing breakaway European Super League,"April 23, 2021, Friday"
375,Climate activists shatter 19 windows at HSBC HQ in London's Canary Wharf,"April 22, 2021, Thursday"
376,"After Citigroup, South Africa's FirstRand Bank to exit India after 12 years","April 22, 2021, Thursday"
377,Private lender DCB purchases 9% stake in NBFC Techfino Capital,"April 21, 2021, Wednesday"
378,Loan moratorium: Centre asks banks to foot 'interest on interest' bill,"April 21, 2021, Wednesday"
379,'Father of banking reforms': Ex-RBI governor M Narasimham passes away at 94,"April 20, 2021, Tuesday"
380,DBS to buy 13% stake in privately-held Chinese lender for $814 million,"April 20, 2021, Tuesday"
381,"A brief look at REPCO, the latest universal bank licence candidate","April 20, 2021, Tuesday"
382,A hale and hearty banking sector but...,"April 18, 2021, Sunday"
383,Bank FDs in spotlight as returns of liquid funds hit two-decade low,"April 18, 2021, Sunday"
384,"Morgan Stanley profit blows past estimates, flags $900-mn loss on Archegos","April 16, 2021, Friday"
385,SBI refunds charges deducted from basic savings bank deposit accounts,"April 15, 2021, Thursday"
386,Covid-19: Bank unions request finance ministry for steps to protect bankers,"April 15, 2021, Thursday"
387,"Citigroup announces retail business exit from India, 12 other countries","April 15, 2021, Thursday"
388,"Citigroup to exit retail banking operations in India, 12 other countries","April 15, 2021, Thursday"
389,Q4 results preview: Quick economic recovery to aid banks' profits,"April 15, 2021, Thursday"
390,"Remain watchful of evolving situation, push credit flows: RBI Guv to banks","April 12, 2021, Monday"
391,State Bank of India's latest target: Rs 4-trn SME loan book by March 2024,"April 12, 2021, Monday"
392,One-fourth of bank loans in FY21 given in last fortnight of year: RBI data,"April 09, 2021, Friday"
393,"Second Covid-19 wave heightens risks for Indian banks, says Fitch","April 09, 2021, Friday"
394,Hike in deposit limit: Payment banks likely to attract bigger clients,"April 09, 2021, Friday"
395,Privatisation of two public sector banks on meeting agenda next week,"April 09, 2021, Friday"
396,Dhanlaxmi Bank gross advances up over 4% by March; deposits rise over 7%,"April 08, 2021, Thursday"
397,Payments banks can now hold max balance of Rs 2 lakh per customer,"April 08, 2021, Thursday"
398,"Monetary policy: Soon, you can withdraw cash from digital wallets","April 08, 2021, Thursday"
399,"Bharti AXA Life, Fincare SFB join hands for bancassurance partnership","April 07, 2021, Wednesday"
400,"Bankers hail RBI's dovish policy, welcome G-SAP, TLTRO, PSL measures","April 07, 2021, Wednesday"
401,"Pay Rs 79-cr GST dues to operate bank accounts, HC tells ByteDance","April 06, 2021, Tuesday"
402,Banks turn RBI's hot-money decision into lucrative trade strategy,"April 06, 2021, Tuesday"
403,"IndusInd Bank: With the balance sheet stabilising, focus shifts to growth","April 04, 2021, Sunday"
404,"Banks sanctions Rs 25,586 cr to 114,322 Stand-Up India accounts in 5 years","April 04, 2021, Sunday"
405,"Private lender Yes Bank targets startup sector, ties-up with GVFL","April 03, 2021, Saturday"
406,Individual loan business continues to improve in January-March: HDFC,"April 03, 2021, Saturday"
407,China's financial regulators draft tougher rules for too-big-to-fail banks,"April 02, 2021, Friday"
408,The forgotten case for bank nationalisation,"April 02, 2021, Friday"
409,Karnataka Bank targets over Rs 1.42 trn business turnover in FY22,"April 02, 2021, Friday"
410,NBFCs seek easing of rules on NACH mandate cancellation,"April 02, 2021, Friday"
411,"Bank credit to medium-sized firms grows 21% in February, shows data","April 02, 2021, Friday"
412,HDFC increases rates on FD with different maturities up to 25 bps,"April 01, 2021, Thursday"
413,"Laid strong base for growth, aiming at 13.5% CAGR by 2025: Indian Bank MD","April 01, 2021, Thursday"
414,"Under Modi regime, private banks outnumber PSBs on new rural branches","March 31, 2021, Wednesday"
415,Trai meets bankers to iron out issues over new pesky SMS regulations,"March 31, 2021, Wednesday"
416,"Govt not interested in footing Rs 8,000-cr moratorium bill for banks","March 30, 2021, Tuesday"
417,"HDFC Bank customers face difficulty in accessing net, mobile banking","March 30, 2021, Tuesday"
418,"Your auto payments for phone bills, OTT subscriptions may fail in April","March 30, 2021, Tuesday"
419,"Credit Suisse, Nomura tumble as banks tally exposure to Archegos damage","March 29, 2021, Monday"
420,Financial services space set for disruption over next 10 years: Kamath,"March 27, 2021, Saturday"
421,"State Bank of India, HDFC Bank, others yet to comply with scrubbing norms","March 26, 2021, Friday"
422,AU SFB has to pass asset quality test after raising funds: Analysts,"March 26, 2021, Friday"
423,ICICI Bank enables customers to break high-value transactions into EMIs,"March 24, 2021, Wednesday"
424,Loan moratorium case: NBFCs want govt to refund interest on deposits,"March 24, 2021, Wednesday"
425,Bank of India to issue Basel III compliant bonds to raise up to Rs 750 cr,"March 24, 2021, Wednesday"
426,Govt may seek details of interest on interest charged by banks,"March 24, 2021, Wednesday"
427,RBI defers limits on non-centrally cleared derivative exposures for banks,"March 23, 2021, Tuesday"
428,"Loan moratorium: SC ruling clears overhang for banks, sets path for action","March 23, 2021, Tuesday"
429,Transferring bad debt to ARC at book value just window dressing: Experts,"March 23, 2021, Tuesday"
430,Loan moratorium: Supreme Court to pronounce verdict today,"March 22, 2021, Monday"
431,"Dow, S&P 500 drop as bank stocks slump after capital buffer relief expires","March 19, 2021, Friday"
432,Suryoday Small Finance Bank initial public offer subscribed 2.37 times,"March 19, 2021, Friday"
433,Punjab National Bank sets-up subsidiary to manage credit card business,"March 17, 2021, Wednesday"
434,Suryoday Small Finance Bank initial public offer subscribed 42% on day 1,"March 17, 2021, Wednesday"
435,"AT1 cloud likely to hit banks' capital-raising plans, say experts","March 17, 2021, Wednesday"
436,Banking services disrupted across Maharashtra on Day 2 of nationwide strike,"March 16, 2021, Tuesday"
437,RBI strengthening institutional mechanism to prevent bank frauds: FM,"March 16, 2021, Tuesday"
438,Credit Suisse flags possible charge from Greensill fallout,"March 16, 2021, Tuesday"
439,Cheque clearing to be done at all bank branches by September 30,"March 15, 2021, Monday"
440,"Banking services hit in Punjab, Haryana as unions protest privatisation","March 15, 2021, Monday"
441,"Nationwide bank strike: Cheques worth Rs 16,500 crore stuck","March 15, 2021, Monday"
442,PSB bank services hit in Bengal as unions protest against privatisation,"March 15, 2021, Monday"
443,Don't compare us with legacy banks: Aeldra Financial's Sukeert Shanker,"March 15, 2021, Monday"
444,"Bank operations may be hit on Mon, Tue due to nationwide unions' strike","March 14, 2021, Sunday"
445,Emerging markets bank support robust despite resolution regimes: Fitch,"March 13, 2021, Saturday"
446,Bank privatisation as an experiment,"March 11, 2021, Thursday"
447,Government-owned bad bank is more capital efficient: Report,"March 11, 2021, Thursday"
448,"After outage, Trai puts on hold regulation on pesky SMS for one week","March 10, 2021, Wednesday"
449,5 of 12 large NPAs complete transfer of management control,"March 09, 2021, Tuesday"
450,"Lenders 'can't be asleep', must suffer compensation cut for bad loans: CEA","March 09, 2021, Tuesday"
451,Expect moderately worse banking sector outlook for next fiscal: Fitch,"March 09, 2021, Tuesday"
452,Indian banks' modest recovery faces challenges from Covid-19 stress: Fitch,"March 08, 2021, Monday"
453,Citigroup sees the days of traders slamming phones coming to an end,"March 08, 2021, Monday"
454,Citigroup needs a new strategy for its lagging Asian consumer banks,"March 08, 2021, Monday"
455,"Data sharing, cybersecurity top concerns for banks, customers: Deloitte","March 07, 2021, Sunday"
456,Amalgamation has led to all-round gains for merged entity: Indian Bank MD,"March 07, 2021, Sunday"
457,"Naureen Hassan becomes first VP, COO of Federal Reserve Bank of New York","March 06, 2021, Saturday"
458,Indian Bank to divest stake in asset reconstruction JV ASREC India,"March 06, 2021, Saturday"
459,Administrative success but executive failure,"March 04, 2021, Thursday"
460,State-run banks likely to see bad loan additions moderate: Morgan Stanley,"March 04, 2021, Thursday"
461,Axis Bank partners WhatsApp to offer basic banking services,"March 04, 2021, Thursday"
462,"Mortgage lender HDFC to raise up to Rs 5,000 crore through bonds","March 03, 2021, Wednesday"
463,IDBI Bank likely to take call on additional tier-1 bonds post-PCA exit,"March 02, 2021, Tuesday"
464,UK banks face savings glut on road to Covid-19 pandemic recovery,"March 02, 2021, Tuesday"
465,"IDBI Bank to set off accumulated losses worth Rs 45,586-crore","March 01, 2021, Monday"
466,Citibank likely to hive off consumer banking business in India,"March 01, 2021, Monday"
467,Indian banks' loans rose 6.6% in two weeks to Feb 12: RBI data,"February 26, 2021, Friday"
468,"PM harps on trust and transparency for depositors, investors in fin sector","February 26, 2021, Friday"
469,Proposed ARC will not 'jeopardise' existing players: RBI governor,"February 25, 2021, Thursday"
470,Centre lifts embargo on grant of govt businesses to private banks,"February 25, 2021, Thursday"
471,"India's economic recovery to cut bank stress, but Covid hit to be felt: S&P","February 24, 2021, Wednesday"
472,Top banks asked to justify why they still clear euro swaps in London,"February 23, 2021, Tuesday"
473,HSBC's India pretax profit in 2020 inches up to $1.02 billion,"February 23, 2021, Tuesday"
474,Federal Bank aims 'mid-teen' growth in credit for fiscal 2022,"February 23, 2021, Tuesday"
475,"HSBC to announce exit from US retail banking, reshuffles top jobs","February 22, 2021, Monday"
476,Unsecured loans come back to haunt private banks after 13-year gap,"February 22, 2021, Monday"
477,SBI Payments to launch YONO Merchant app for low-cost payments,"February 20, 2021, Saturday"
478,Karnataka Bank reports Rs 34.16-crore fraud to Reserve Bank of India,"February 19, 2021, Friday"
479,SC gives RBI six months to lay down regulations for locker facility,"February 19, 2021, Friday"
480,80% Indian corporate banks to leverage Cloud by 2024: Report,"February 19, 2021, Friday"
481,Bank unions plan march towards Parliament in Mar to protest privatisation,"February 19, 2021, Friday"
482,"IDFC First Bank gets board approval for Rs 3,000 crore fund mop-up","February 18, 2021, Thursday"
483,Ranbaxy-Daiichi case: SC asks lenders to place loan records of promoters,"February 18, 2021, Thursday"
484,"IndusInd Bank gets Rs 2,021 crore capital boost from promoters","February 18, 2021, Thursday"
485,Billionaire Hinduja family pays 61% premium to boost IndusInd stake,"February 17, 2021, Wednesday"
486,"Government to infuse Rs 1,500 crore into Exim Bank next fiscal","February 17, 2021, Wednesday"
487,ICICI to buy over 9% stake in fintech startup Thillais Analytical Solutions,"February 16, 2021, Tuesday"
488,Govt to bring amendments to two Acts to enable privatisation of PSU banks,"February 16, 2021, Tuesday"
489,Indian Bank integrates core banking software of erstwhile Allahabad Bank,"February 15, 2021, Monday"
490,Reserve Bank of India forms expert panel for urban co-operative banks,"February 15, 2021, Monday"
491,Financing the recovery: Are banks in a position to partner India Inc?,"February 15, 2021, Monday"
492,How did a five-member external jury select the BS Banker of the Year?,"February 15, 2021, Monday"
493,"We are a digitally relevant, contemporary franchise: Federal Bank CEO","February 15, 2021, Monday"
494,BS Technology Round Table: Covid-19 pandemic sends digital payments soaring,"February 15, 2021, Monday"
495,Only banks can provide retail push to G-Secs,"February 14, 2021, Sunday"
496,Decoded: What are pro forma NPAs and how does that impact borrowers?,"February 13, 2021, Saturday"
497,Economic recovery lowers risk of PSBs' asset quality deterioration: Moody's,"February 11, 2021, Thursday"
498,YES Bank will stay away from large corporate borrowers: CEO Prashant Kumar,"February 11, 2021, Thursday"
499,Bank of India Q3 net profit jumps over five-fold to Rs 540.72 cr,"February 10, 2021, Wednesday"
500,"With worst behind, DBS gets ready for what comes next, normalcy or not","February 10, 2021, Wednesday"
501,Pre-pack scheme for insolvency banks on fair debtor-creditor ties,"February 10, 2021, Wednesday"
502,Complaints against banks and mobile banking to RBI soar: Report,"February 10, 2021, Wednesday"
503,Dhanlaxmi Bank net profit plunges 44.5% to Rs 12 crore in December qtr,"February 09, 2021, Tuesday"
504,Indian Overseas Bank posts net profit of Rs 213 crore in December quarter,"February 09, 2021, Tuesday"
505,Central Bank of India third quarter net profit up 6.5% at Rs 165 crore,"February 09, 2021, Tuesday"
506,"The what, why & how of bank privatisation","February 07, 2021, Sunday"
507,"Punjab & Sind Bank loss zooms to Rs 2,375 cr in Q3 as provisions spike","February 06, 2021, Saturday"
508,"PNB receives loan rejig requests of only Rs 12,000 crore, says PNB MD","February 06, 2021, Saturday"
509,"Punjab National Bank to raise Rs 3,200 cr from share sale this quarter","February 06, 2021, Saturday"
510,Govt support for bank borrowers softened rise in bad loans: Moody's,"February 05, 2021, Friday"
511,"ICICI Bank, MUFG Bank tie up for serving Japanese firms operating in India","February 05, 2021, Friday"
512,Option to remain a large NBFC 'very much on the table': HDFC group CEO,"February 04, 2021, Thursday"
513,Banks to seek leeway from RBI for new asset reconstruction company,"February 04, 2021, Thursday"
514,"RBI makes risk-based internal audit mandatory for select NBFCs, UCBs","February 03, 2021, Wednesday"
515,"Budget 2021: Bad bank will be a win-win for lenders, says Debasish Panda","February 03, 2021, Wednesday"
516,Nifty Bank index buoyant as long-standing demands are met in Budget,"February 02, 2021, Tuesday"
517,Germany lays out reform of banking watchdog after Wirecard fraud,"February 02, 2021, Tuesday"
518,What about the Bank Investment Company in Sitharaman's Budget 2021?,"February 01, 2021, Monday"
519,Budget 2021 lays out road map for overhaul of state-run companies,"February 01, 2021, Monday"
520,Budget 2021: All eyes will be on the package FM unveils for state-run banks,"February 01, 2021, Monday"
521,"ICICI Bank third quarter net profit jumps 19% to Rs 4,940 crore","January 30, 2021, Saturday"
522,"ICICI Bank's Q3 net profit increases 17% to Rs 5,498 crore","January 30, 2021, Saturday"
523,Union Bank of India net profit falls 37% to Rs 727 crore in Dec quarter,"January 30, 2021, Saturday"
524,"To avoid zombie lending, banks need fully empowered boards: Eco Survey","January 29, 2021, Friday"
525,IDBI Bank shares gain over 2% after third quarter earnings,"January 28, 2021, Thursday"
526,LIC-owned IDBI Bank posts Q3 net profit of Rs 378 crore as NII grows,"January 28, 2021, Thursday"
527,State Bank of India asset quality remains healthy: Chairman Khara,"January 28, 2021, Thursday"
528,RBI says it will charge banks if they do not improve customer grievance,"January 28, 2021, Thursday"
529,"Bank of Baroda clocks Rs 1K-cr profit, warns of stress in retail, SME loans","January 27, 2021, Wednesday"
530,"Agri-NBFCs seek parity with banks, want inclusion in govt subsidy schemes","January 26, 2021, Tuesday"
531,Dhanlaxmi Bank Board approves appointment of Shivan as MD and CEO,"January 26, 2021, Tuesday"
532,"RBI open to digital currency, examining the need to introduce CBDC","January 26, 2021, Tuesday"
533,"UCO Bank logs net profit at Rs 35 cr in Q3, stock closes 1.55% higher","January 26, 2021, Tuesday"
534,Yes Bank: ED raids Mumbai builder group in money laundering case,"January 25, 2021, Monday"
535,Union Bank completes IT integration of all Andhra Bank branches with itself,"January 25, 2021, Monday"
536,May need to reverse Rs 800 cr in interest income: YES Bank's Prashant Kumar,"January 25, 2021, Monday"
537,Strengthening regulation,"January 24, 2021, Sunday"
538,Fraud in fintech being fought with regulatory tech,"January 24, 2021, Sunday"
539,Can we bank on the Budget?,"January 24, 2021, Sunday"
540,"Indian Bank gets board approval to raise Rs 4,000 cr from share sale","January 22, 2021, Friday"
541,"HDFC Bank submits action plan to RBI, hopes to fix outage issue in 3 months","January 22, 2021, Friday"
542,PMC Bank case: Enforcement Directorate searches 5 locations in Mumbai,"January 22, 2021, Friday"
543,IDBI Bank takes prompt corrective action; all eyes now on Q3 results,"January 22, 2021, Friday"
544,Punjab & Sind Bank reports fraud of Rs 94 crore in NPA account,"January 21, 2021, Thursday"
545,Sebi penalises HDFC Bank for wrongly invoking pledge of securities,"January 21, 2021, Thursday"
546,Federal Bank Q3 profit falls 8% to Rs 404 crore on higher provisioning,"January 21, 2021, Thursday"
547,Federal Bank third quarter profit declines 8% to Rs 404 crore,"January 20, 2021, Wednesday"
548,Citi India elevates Arjun Chowdhry as head of its consumer banking biz,"January 18, 2021, Monday"
549,The zero MDR has affected the PoS business: Worldline's Deepak Chandnani,"January 18, 2021, Monday"
550,"Short-term interest rates increase 25-30 basis points, shows data","January 18, 2021, Monday"
551,"Banking: Yesterday, today and tomorrow","January 17, 2021, Sunday"
552,Immobilise unregistered digital lending apps,"January 17, 2021, Sunday"
553,HDFC Bank's Q3 net profit surges 18% on growth in net interest income,"January 16, 2021, Saturday"
554,"HDFC Bank third quarter net profit rises 14.36% to Rs 8,760 crore","January 16, 2021, Saturday"
555,RBI likely to propose stricter regulations for shadow banks: Report,"January 16, 2021, Saturday"
556,Wells Fargo records rare profit beat helped by stabilising credit costs,"January 15, 2021, Friday"
557,Citigroup quarterly profit beats estimates as loan loss provisions slow,"January 15, 2021, Friday"
558,"JPMorgan profit jumps 42% on reserve release, investment banking strength","January 15, 2021, Friday"
559,"Best of BS Opinion: Banking revival in 2021, govt's push for DFIs & more","January 15, 2021, Friday"
560,"Bank credit growth rises to 6.6% in fortnight to January 1, shows data","January 15, 2021, Friday"
561,Morgan Stanley names new country head in India promotion spree,"January 12, 2021, Tuesday"
562,Top MFI bodies plan to move Supreme Court over Assam's micro-loan Bill,"January 12, 2021, Tuesday"
563,Banks' gross NPAs may rise to 13.5% by Sept: Financial stability report,"January 12, 2021, Tuesday"
564,Capitalisation worries for banks to get bigger: Financial stability report,"January 12, 2021, Tuesday"
565,Indian banks' bad loans may rise significantly: Financial stability report,"January 11, 2021, Monday"
566,"Statsguru: Recovery uneven, but upturns expected in banking, construction","January 11, 2021, Monday"
567,NPA classification period likely to get 30-day extension as bad loans mount,"January 11, 2021, Monday"
568,Listed commercial banks may post 5.5% rise in third quarter net profit,"January 10, 2021, Sunday"
569,NPA estimates: Street's optimism at odds with the RBI's pessimism,"January 10, 2021, Sunday"
570,"Best of BS Opinion: Banking's game of pretend, Japanese biz custom & more","January 09, 2021, Saturday"
571,Firms likely to raise $5 billion through dollar bond sales in January,"January 09, 2021, Saturday"
572,Banking's game of pretend: It's time we recognised the fate of govt banks,"January 08, 2021, Friday"
573,"Pvt banks report healthy deposit accretions, sluggish advances growth in Q3","January 06, 2021, Wednesday"
574,"Faced with high growth in traffic, banks to ramp up digital capabilities","January 04, 2021, Monday"
575,"Bank Investment Company may be approved in upcoming Budget, finally","January 04, 2021, Monday"
576,Banking in 2021 --Winning beyond Covid,"January 03, 2021, Sunday"
577,Bank credit growth slows in Q2; personal loans maintain double-digit growth,"January 01, 2021, Friday"
578,"With RBI harping on increased supervision, frauds decline in banking system","December 31, 2020, Thursday"
579,"Union Bank gets shareholder approval to raise up to Rs 6,800 crore","December 30, 2020, Wednesday"
580,"Yes Bank elevates Niranjan Banodkar as CFO, Adlakha as HR head","December 30, 2020, Wednesday"
581,Fintechs may pose a challenge to banking sector over the next few years,"December 30, 2020, Wednesday"
582,"From loan moratorium to digitisation, 2020 saw major shifts in banking","December 30, 2020, Wednesday"
583,Bank asset quality may see sharp deterioration post-moratorium: RBI,"December 29, 2020, Tuesday"
584,Banks need to gear up to meet new challenges to combat Covid-19: RBI,"December 29, 2020, Tuesday"
585,HDFC Bank may appoint new chairman in Jan as Gopinath's tenure set to end,"December 29, 2020, Tuesday"
586,"Innovation, Umbrella apps to drive digital banking in new decade","December 28, 2020, Monday"
587,Bank liable for fraudulent card transactions,"December 27, 2020, Sunday"
588,IDBI Bank stake sale in limbo as govt faces legal hurdles in exit,"December 25, 2020, Friday"
589,"Public sector banks to raise Rs 25,000 crore in three months: DFS Secretary","December 20, 2020, Sunday"
590,Retail loans may rise as banks go slow on big-ticket corporate debt,"December 14, 2020, Monday"
591,NBFCs may lose 1% market share to private banks by FY22: CRISIL report,"December 12, 2020, Saturday"
592,ATM moment of banking services is here as lenders make apps open for all,"December 11, 2020, Friday"
593,Indian banks risk Rs 12-trn hit till 2024 from Covid-19: McKinsey,"December 10, 2020, Thursday"
594,"Barclays India scales down exposure to banks to Rs 3,090 cr in FY21","December 07, 2020, Monday"
595,"Best of BS Opinion: India's IAS officers, companies owning banks and more","December 07, 2020, Monday"
596,"Maintain derivatives records for at least 2 years, RBI asks banks","December 06, 2020, Sunday"
597,We intervene in banks in the interests of depositors: RBI's Shaktikanta Das,"December 05, 2020, Saturday"
598,"Wherever we've seen unlocking, we've seen a revival in demand: SBI Chairman","December 03, 2020, Thursday"
599,"Bank lending, deposit rates have bottomed out: SBI chief Dinesh Khara","December 03, 2020, Thursday"
600,"ICICI Bank, Indian Bank at risk of becoming 'fallen angels', warns S&P","December 02, 2020, Wednesday"
601,Banks expecting good response as bidders to decide RCap's fate today,"December 01, 2020, Tuesday"
602,HDFC Bank m-cap surges past Rs 8-trillion mark; stock jumps 1.76%,"November 25, 2020, Wednesday"
603,"Union Bank of India plans to raise up to Rs 6,800 cr to fund biz growth","November 25, 2020, Wednesday"
604,"Banks fear HTM hit, investment limits with repayment under TLTRO","November 25, 2020, Wednesday"
605,"Banks' collection efficiency may not sustain, says rating agency S&P","November 24, 2020, Tuesday"
606,RBI panel bats for continuation of NOFHC as preferred structure for banks,"November 20, 2020, Friday"
607,RBI internal working group for bank licence to large corporate houses,"November 20, 2020, Friday"
608,"Banks lend over Rs 65,000 crore to commercial sector in a fortnight","November 19, 2020, Thursday"
609,"Tamilnad Mercantile Bank H1 profit up 60% to Rs 242 cr, GNPAs drop 25%","November 19, 2020, Thursday"
610,DBS faces potential culture clash as it takes over Lakshmi Vilas Bank,"November 18, 2020, Wednesday"
611,India Inc gains despite Covid-19 disruptions; combined profit at Rs 1.5 trn,"November 17, 2020, Tuesday"
612,Swiss banking major UBS appoints Uday Odedra as new country head for India,"November 09, 2020, Monday"
613,Reserve Bank again postpones submission of TLTRO reversal requests,"November 07, 2020, Saturday"
614,"Credit Suisse cuts stance on IT, healthcare; turns bullish on banks","November 03, 2020, Tuesday"
615,The post-lockdown scars,"November 03, 2020, Tuesday"
616,"Banks told to credit 'interest on interest' to borrowers, RBI tells SC","November 01, 2020, Sunday"
617,"Best of BS Opinion: J&K 'integral' reforms, insolvency process, and more","October 30, 2020, Friday"
618,Canara Bank posts 28% fall in net profit at Rs 444 crore for Sept quarter,"October 29, 2020, Thursday"
619,"State Bank of India raises $1 billion from JBIC, other Japanese lenders","October 28, 2020, Wednesday"
620,HDFC Bank under Aditya Puri: From a start-up to an industry leader,"October 27, 2020, Tuesday"
621,Looking at the canary: Do SBI Cards' bad loans have a deeper meaning?,"October 23, 2020, Friday"
622,"UCO Bank reports Rs 30-crore net profit in Q2, brings down bad loans","October 22, 2020, Thursday"
623,"Indian Bank posts Rs 412 cr net profit in Q2 on fee income, lower bad loans","October 22, 2020, Thursday"
624,India must not neglect bank recap despite pandemic: Viral Acharya,"October 19, 2020, Monday"
625,Bank of Maharashtra Q2 profit up 13% to Rs 130 cr on higher interest income,"October 19, 2020, Monday"
626,"Westpac Banking to cut more than 150 jobs as bank exits China, India","October 14, 2020, Wednesday"
627,Next set of asset quality woes for lenders to come from MSME segment,"October 14, 2020, Wednesday"
628,"SBI biz at 80% of pre-Covid level, says new chairman Dinesh Kumar Khara","October 08, 2020, Thursday"
629,"We can quickly come back to pre-Covid levels, says SBI's Rajnish Kumar","October 07, 2020, Wednesday"
630,Govt appoints Dinesh Kumar Khara as SBI chairman for three years,"October 07, 2020, Wednesday"
631,How faster deposit growth could become counterproductive for banks,"October 05, 2020, Monday"
632,"Make officials well-versed in local languages, FM Sitharaman tells banks","October 02, 2020, Friday"
633,"After LVB, Dhanlaxmi Bank shareholders oust chief executive Sunil Gurbaxani","October 01, 2020, Thursday"
634,SBI relocates financial inclusion to Delhi for better synergy with govt,"September 25, 2020, Friday"
635,"Russia's Sberbank enters tech space; to compete with Google, FB, Amazon","September 24, 2020, Thursday"
636,"India Ratings maintains negative outlook on NBFCs, HFCs for H2 FY21","September 24, 2020, Thursday"
637,"Covid-19: Indian banking system to be among the last to recover, says S&P","September 24, 2020, Thursday"
638,Big banks let $2 trn in illicit funds move around world: FinCEN Files,"September 22, 2020, Tuesday"
639,India Ratings gives 'negative' outlook for banking sector in H2FY21,"September 18, 2020, Friday"
640,"Ind-Ra cuts banking outlook to negative on rising NPA, credit cost","September 18, 2020, Friday"
641,YES Bank: Why investors should not be taken in by rating upgrades,"September 16, 2020, Wednesday"
642,"As Covid ravages India, NBFCs ride out the storm with help of stimulus","September 16, 2020, Wednesday"
643,Deja vu on DFIs,"September 15, 2020, Tuesday"
644,"Huge liquidity surplus unlikely to be inflationary, say economists","September 15, 2020, Tuesday"
645,"NBFCs need access to credit history like banks, says Gunit Chadha","September 14, 2020, Monday"
646,Loan restructuring: This time is different,"September 11, 2020, Friday"
647,Australian banks ask for loan repayments after six-month virus grace period,"September 07, 2020, Monday"
648,Start-up loans of up to Rs 50 cr under priority sector as RBI revises norms,"September 04, 2020, Friday"
649,Emerging market central banks deliver 19th month of interest rate cuts,"September 04, 2020, Friday"
650,Moratorium on loan repayment shouldn't be at the cost of economic recovery,"September 04, 2020, Friday"
651,Banks need to overhaul anti-money laundering mechanism: Deloitte Report,"August 27, 2020, Thursday"
652,"Banking system has to be liberated from risk aversion mode, says RBI","August 25, 2020, Tuesday"
653,"Governance more important than ownership of banks, says SBI chairman","August 24, 2020, Monday"
654,"PNB net profit plunges to Rs 308 cr in June qtr, income at Rs 24,292.8 cr","August 21, 2020, Friday"
655,Govt keen to speed up stake sale in four PSU banks this fiscal: Report,"August 18, 2020, Tuesday"
656,We must 'Make for the world' as we 'Make in India': PM Modi in I-Day speech,"August 15, 2020, Saturday"
657,Covid-19 impact: Bank credit growth moderates further to 5.5% by July-end,"August 14, 2020, Friday"
658,Covid-19 impact: HSBC warns loan losses could hit $13 bn as profit dips 65%,"August 03, 2020, Monday"
659,Covid provisioning knocks off 27% of private banks' profit in Q1,"July 29, 2020, Wednesday"
660,"YES Bank's PBT falls to Rs 60 crore in June quarter, NII dips 16.3%","July 28, 2020, Tuesday"
661,IndusInd Bank Q1 net profit falls 68% to Rs 461 cr on higher provisioning,"July 28, 2020, Tuesday"
662,"IDBI Bank posts Q1 PBT of Rs 438 cr against Rs 5,381 cr loss a year ago","July 28, 2020, Tuesday"
663,Capital crunch,"July 26, 2020, Sunday"
664,Banks need to be recapitalised as moratorium ends on Aug 31: SBI report,"July 22, 2020, Wednesday"
665,"HDFC Bank net profit up 20% in April-June, provisions increase by 49%","July 18, 2020, Saturday"
666,Investors should not be gung-ho about banks' Q1 headline numbers: Analysts,"July 06, 2020, Monday"
667,"Indian banks may face asset quality, earning pressure for 2 years: Fitch","July 01, 2020, Wednesday"
668,S&P downgrades Axis Bank's issuer rating over risks to Indian banking,"June 26, 2020, Friday"
669,Bank credit growth in FY21 to hit multi-decade low of 0-1%: CRISIL,"June 08, 2020, Monday"
670,Federal Bank's Q4 PBT declines 32% over provisions for Covid-19 pandemic,"May 28, 2020, Thursday"
671,"Liquidity, labour and logistics are the key challenges: JSW Steel's Rao","May 25, 2020, Monday"
672,Covid-19 crisis: Warren Buffett cuts crisis-era bet on Goldman Sachs,"May 20, 2020, Wednesday"
673,"All for liquidity: Watch every rupee, chase dues, and refinance debt","May 18, 2020, Monday"
674,"Differentiated bank holdco norms on cards; Bandhan, IDFC First may benefit","May 12, 2020, Tuesday"
675,Covid-19 impact on sectors: A two-quarter wait before growth picks up,"May 10, 2020, Sunday"
676,"Not offering any emergency loan through YONO platform, clarifies SBI","May 10, 2020, Sunday"
677,"Bank stocks crack; IndusInd, ICICI Bank plunge 11%, Nifty Bank dips over 8%","May 04, 2020, Monday"
678,"IDFC First Bank to boost capital by Rs 2,000 cr through preferential issue","May 01, 2020, Friday"
679,"Sidbi, Nabard compete to lend to top MFIs under RBI's liquidity support","April 30, 2020, Thursday"
680,"Retail unsecured loans, cross-selling may decline post moratorium","April 29, 2020, Wednesday"
681,IndusInd Bank reports 18% yoy dip in pre-tax profits; sequentially down 76%,"April 27, 2020, Monday"
682,American Express quarterly profit plunges 76% on $1.7 bn reserve build,"April 24, 2020, Friday"
683,"Coronavirus impact: Bet on top-tier names in banking sector, avoid NBFCs","April 16, 2020, Thursday"
684,"Banks, insurance firms to work as usual in new guidelines for Lockdown 2.0","April 15, 2020, Wednesday"
685,Deposits from microbanking customers continue to be strong: Bandhan Bank,"April 13, 2020, Monday"
686,Delay in regulatory leeway likely to prove costly affair for banks,"March 27, 2020, Friday"
687,"Covid-19 relief: FM announces Rs 1.7 trn plan for poor, migrant workers","March 26, 2020, Thursday"
688,Coronavirus: Pressure mounts on govt to defer PSB merger amid lockdown,"March 25, 2020, Wednesday"
689,"YES Banks needs up to Rs 13,000 crore in equity in 1-2 years: ICRA","March 25, 2020, Wednesday"
690,Growth biggest concern for banks now; keep an investment horizon of 3 yrs,"March 24, 2020, Tuesday"
691,FinMin may cut interest rates on small savings schemes for April-June qtr,"March 16, 2020, Monday"
692,"Dear governor, why save the bullet? Use it now","March 15, 2020, Sunday"
693,"Banks, depositors, taxpayers","March 14, 2020, Saturday"
694,YES Bank fiasco: RBI asks states not to withdraw funds from private banks,"March 12, 2020, Thursday"
695,YES Bank crisis: Paying loan? Shift ECS mandate to a nationalised bank,"March 09, 2020, Monday"
696,"Congress asks Modi to explain 'sinking banks', not divert attention","March 09, 2020, Monday"
697,Banking stocks slide to 13-month low amid fallout from YES Bank crisis,"March 09, 2020, Monday"
698,Statsguru: How PSBs deal with integration in a challenging biz environment,"March 09, 2020, Monday"
699,"Low on investor confidence and growth, private banks in for tough days","March 08, 2020, Sunday"
700,"Private lenders faced tough times due to poor corporate governance, NPAs","March 06, 2020, Friday"
701,End of uncertainty,"March 05, 2020, Thursday"
702,"Banks to lend Rs 1.85 trn to housing, auto, MSMEs in next 6 months","March 03, 2020, Tuesday"
703,SBI stock basking in optimism; stakes too high to disappoint investors,"February 24, 2020, Monday"
704,India must have at least six banks in top 100 global list: Economic Survey,"February 01, 2020, Saturday"
705,Economic Survey: Building blocks for 'wealth creation' and $5-trn economy,"January 31, 2020, Friday"
706,Legislative adventurism,"January 19, 2020, Sunday"
707,Sachin Bansal's Chaitanya India applies for universal banking licence,"January 10, 2020, Friday"
708,Financial inclusion in 'Maoist zone' a daunting task for bank authorities,"January 10, 2020, Friday"
709,"In a first, RBI plans to put weak private lenders under the hammer","January 08, 2020, Wednesday"
710,"20 key industrial, political and economic developments to expect in 2020","December 31, 2019, Tuesday"
711,RBI wants urban cooperative banks to focus mainly on priority sector,"December 30, 2019, Monday"
712,Bring banks on track,"December 29, 2019, Sunday"
713,"Finance ministry counters RBI, says stress in banking sector declining","December 29, 2019, Sunday"
714,Bank frauds rise to Rs 1.13 trn in H1 FY20 due to detection delay: RBI,"December 27, 2019, Friday"
715,Loans and advances of foreign banks operating in India grew 13% in FY19,"December 27, 2019, Friday"
716,Time running out for PSBs,"December 27, 2019, Friday"
717,Best of BS Opinion: Accountability of executive and need for more voices,"December 23, 2019, Monday"
718,"Slowdown in SME sector can hurt mid-sized private banks, be selective","December 22, 2019, Sunday"
719,Where can you bank for your buck?,"December 19, 2019, Thursday"
720,Investors are convinced with CSB Bank's transformation story: CEO Rajendran,"December 08, 2019, Sunday"
721,"With history of bankruptcy, top Yes Bank investor may not meet RBI norms","December 03, 2019, Tuesday"
722,Sebi grants exemption to govt from making open offer to UBI shareholders,"November 28, 2019, Thursday"
723,The Mudra problem,"November 28, 2019, Thursday"
724,"Best of BS Opinion: Maharashtra govt formation, tax buoyancy, and more","November 25, 2019, Monday"
725,"Financial sector needs to rebuild trust, says YES Bank CEO Ravneet Gill","November 24, 2019, Sunday"
726,RBI mulls new rules on corporate governance; wants banks to 'disclose more',"November 22, 2019, Friday"
727,Still in the tunnel: Most global banks yet to regain pre-crisis health,"November 20, 2019, Wednesday"
728,"Listed commercial banks report Rs 6,675-crore net profit in Sep quarter","November 19, 2019, Tuesday"
729,Letter to BS: Hawk eye in banks need of the hour to detect frauds early,"November 18, 2019, Monday"
730,YES Bank has option to extend November 30 deadline on binding offer,"November 18, 2019, Monday"
731,"Will step up recoveries, increase provisions in H2: Union Bank of India CEO","November 17, 2019, Sunday"
732,"Urban cooperative banks' business size may be capped at Rs 20,000 cr","November 12, 2019, Tuesday"
733,"Private banks score on core operations, better control over bad debt in Q2","November 11, 2019, Monday"
734,"Best of BS Opinion: Ayodhya judgment, rising stress in economy, and more","November 11, 2019, Monday"
735,Moody's rating action and the Rs 28 trn revenue push,"November 10, 2019, Sunday"
736,"Why debit, credit cardholders should remain beware of Joker's Stash","November 07, 2019, Thursday"
737,The lure of dollar bonds,"November 07, 2019, Thursday"
738,"Letter to BS: Another scam unearthed, can we bank on bankers anymore?","November 06, 2019, Wednesday"
739,The Indian banking journey: Logic & cure,"November 06, 2019, Wednesday"
740,"Indian Bank reports Rs 1,004-crore divergence in provisioning for bad loans","November 02, 2019, Saturday"
741,"Indian banking, securities sectors' IT spend to grow 9% in 2020: Gartner","October 23, 2019, Wednesday"
742,India is paying price for repeated failure to fix banking system: Jan Dehn,"October 13, 2019, Sunday"
743,Corporate tax cut will not benefit banks: PNB MD & CEO S S Mallikarjuna Rao,"October 07, 2019, Monday"
744,"RBI won't let any cooperative bank collapse, banking sector stable: Das","October 04, 2019, Friday"
745,"No need to panic as banking sector remains sound, stable: Shaktikanta Das","October 04, 2019, Friday"
746,Loan 'mela' comes at a time when red lights are flashing in RBI's FSR,"October 04, 2019, Friday"
747,Bank liable for duplicate cheques,"October 02, 2019, Wednesday"
748,Rajasthan State Cooperative Bank recruitment 2019: apply for 715 positions,"October 02, 2019, Wednesday"
749,"YES Bank stock falls 15% as investors worry over HDIL, DHFL exposure","September 30, 2019, Monday"
750,RBI's June 7 circular raises NPA woes for merging public sector banks,"September 30, 2019, Monday"
751,"BS Fund Manager: Unlike banks, mutual funds don't have NPAs, opine CIOs","September 30, 2019, Monday"
752,"FM to discuss external benchmarking of loans, MSME credit with pvt bankers","September 26, 2019, Thursday"
753,"RBI's rules are hurting urban cooperative banks, say experts","September 25, 2019, Wednesday"
754,'My money is gone now': Customers panic as RBI curbs activities at PMC Bank,"September 25, 2019, Wednesday"
755,RBI places restrictions on Punjab & Maharashtra Co-op Bank's biz for 6 mths,"September 24, 2019, Tuesday"
756,Lower tax rates won't change fundamental concerns for banking stocks,"September 23, 2019, Monday"
757,"HDFC Bank to organise 1,000 grameen loan melas in next 6 months","September 22, 2019, Sunday"
758,"Bank stake sales in insurance, mutual fund subsidiaries hit a wall","September 19, 2019, Thursday"
759,How American banks beat European peers to rule the global financial system,"September 05, 2019, Thursday"
760,Secondary loan mkt may completely change India's banking landscape: Experts,"September 04, 2019, Wednesday"
761,Mega merger of PSBs: What happens to the bank managing directors now,"August 31, 2019, Saturday"
762,"150,000 bankers to discuss how to make India $5-trillion economy by 2024","August 18, 2019, Sunday"
763,FinMin asks PSBs to begin consultation process to achieve $5-trn economy,"August 16, 2019, Friday"
764,RBI may cut interest rates by 40 bps before end of FY20: Fitch Solutions,"August 16, 2019, Friday"
765,"From auto to banking, grumble of slowdown is getting louder for India Inc","August 15, 2019, Thursday"
766,"Banks, national distributors skip mutual funds for insurance, PMS","August 12, 2019, Monday"
767,"YES Bank appoints Anurag Adlakha as chief financial officer, replaces Ahuja","August 10, 2019, Saturday"
768,Union Bank of India Q1 net profit rises 73% as provisions decline,"August 03, 2019, Saturday"
769,"Basic savings accounts in co-op banks should be made free, says RBI","August 03, 2019, Saturday"
770,50 years of socialism,"July 19, 2019, Friday"
771,"No, private sector banks were not blameless; nationalisation was inevitable","July 18, 2019, Thursday"
772,"IndusInd Bank Q1 net profit jumps 38% at Rs 1,433 cr; gross NPAs at 2.15%","July 12, 2019, Friday"
773,"HSBC, Stanchart, Citi top charts in customer experience: Kantar report","July 11, 2019, Thursday"
774,Banks reported frauds worth Rs 1.8 trn in 11 years: Govt tells Rajya Sabha,"July 09, 2019, Tuesday"
775,Delhi HC agrees to hear banks' plea against service tax on minimum balance,"July 08, 2019, Monday"
776,"Rs 70K-cr capital infusion in PSBs credit positive, to boost economy: S&P","July 08, 2019, Monday"
777,Bank digitisation creates new jobs: Robot programmer to blockchain expert,"June 29, 2019, Saturday"
778,"Banking sector to struggle for two more years amid NPA woes, says Fitch","May 31, 2019, Friday"
779,Ride the economic growth theme with banking and financial sector funds,"May 30, 2019, Thursday"
780,How the next govt can put banking and financial sector back on track,"May 21, 2019, Tuesday"
781,"Banks close FY19 with 13.24% credit growth, deposits up 10.03%","April 11, 2019, Thursday"
782,Some top bankers chart their own path amid crisis in India credit,"April 10, 2019, Wednesday"
783,"Reduced NPA to drive solvency of public sector banks, says Icra","March 16, 2019, Saturday"
784,"PSBs, private banks divided over linking rates to external benchmark","March 12, 2019, Tuesday"
785,BB&T to buy SunTrust in biggest bank merger since the financial crisis,"February 07, 2019, Thursday"
786,New RBI norms on bank subsidiaries to overhaul equity holding structures,"February 07, 2019, Thursday"
787,Banking: Where do we go from here?,"January 16, 2019, Wednesday"
788,High cost of banking services hindering financial inclusion: NITI,"December 19, 2018, Wednesday"
789,Banks plan to create blockchain platform with SWIFT India to avert frauds,"November 23, 2018, Friday"
790,70 big companies may be heading for resolution under the IBC: ICRA,"August 28, 2018, Tuesday"
791,"RBI should focus on streamlining credit pricing, monetary transmission: IMF","August 10, 2018, Friday"
792,Q1 earnings preview: Banking sector will take some more time to revive,"July 19, 2018, Thursday"
793,"As govt bond yields dry up, central banks ramp up their risk taking","July 09, 2018, Monday"
794,Judiciary to the rescue of banks?,"June 19, 2018, Tuesday"
795,Bad news from banking sector now taking a toll on Indian economy and Modi,"April 23, 2018, Monday"
796,The deepening crisis in India's banking sector,"March 20, 2018, Tuesday"
797,Decline in defaults on credit given to women-led self-help groups,"March 09, 2018, Friday"
798,Letter to BS on attitudinal change across the banking sector in India,"February 12, 2018, Monday"
799,Invest 5-10% in a banking sector fund,"October 29, 2017, Sunday"
800,Business stresses in Modi's backyard spur India's great bank rescue,"October 27, 2017, Friday"
801,Time to review banking sector valuations,"August 18, 2017, Friday"
802,Q1 FY18 results: What to expect from the banking sector,"July 12, 2017, Wednesday"
803,Banking sector: More of a crisis than opportunity,"July 05, 2017, Wednesday"
804,SBI chief Bhattacharya earned Rs 2.37 cr less than ICICI Bank chief in FY17,"June 25, 2017, Sunday"
805,Banks to take a haircut for insolvency of non-performing assets,"June 23, 2017, Friday"
806,Banks' asset quality to improve after FY18: Icra,"June 23, 2017, Friday"
807,Why banks don't need as many branches as they have right now,"May 06, 2017, Saturday"
808,"Despite automation, banking to see big rise in hiring","May 04, 2017, Thursday"
809,"Bank unions take realistic view, sign MoU on turnaround plan","April 09, 2017, Sunday"
810,Band-aid solution,"March 26, 2017, Sunday"
811,"Banks must remain prudent about NPAs, says Pranab Mukherjee","September 10, 2016, Saturday"
812,Have the banking sector's losses bottomed out?,"August 24, 2016, Wednesday"
813,"Corporate leverage in decline, banking strain remains: DBS","July 08, 2016, Friday"
