0,Indian Bank unveils digital broking solution,"May 07, 2022"
1,"RBI imposes fine on KKR India Financial Services, Daimler Financial Services","May 06, 2022"
2,Easing fit and proper norms could push IDBI Bank sale,"May 06, 2022"
3,Federal Bank net profit rises 13% to Rs 541 cr in March quarter,"May 06, 2022"
4,Central Bank of India to close 13% of its branches: Report,"May 05, 2022"
5,"ICICI Bank hikes EBLR rate, interest rates on FDs after RBI repo rate hike; details here  ","May 05, 2022"
6,SBI to consider raising up to $2 billion via bonds on May 10,"May 04, 2022"
7,"RBI taking inflation, inflationary expectations seriously: Uday Kotak after surprise rate hike","May 04, 2022"
8,Indian economy may take till 2034-35 to overcome COVID-19 losses: RBI,"May 04, 2022"
9,RBI Guv Das announces hike in interest rate by 40 bps to 4.40% in 'off-cycle' MPC meet,"May 04, 2022"
10,"Kotak Mahindra Bank Q4 results: Net profit soars 65% to Rs 2,767 cr","May 04, 2022"
11,Bank of Baroda slashes car loan interest rate to 7%; details here ,"May 03, 2022"
12,Bank of Baroda cuts interest rate on car loans to by 25 bps to 7%,"May 02, 2022"
13,IDBI Bank Q4 net profit rises 35% to Rs 691 cr,"May 02, 2022"
14,IDFC First Bank Q4 Results: Net profit rises two-fold to Rs 343 cr,"Apr 30, 2022"
15,"IndusInd Bank Q4: Net profit rises 55% to Rs 1,361 cr, board declares dividend","Apr 29, 2022"
16,"'Economy still dependent on stimulus measures, debt reduction key for growth'","Apr 29, 2022"
17,Bank credit growth to hit 4-year high of 11-12% this fiscal: CRISIL Ratings,"Apr 29, 2022"
18,ICICI Bank launches open-for-all digital ecosystem for MSMEs; check details,"Apr 28, 2022"
19,Fintech start-up FidyPay partners Yes Bank to drive financial inclusion,"Apr 28, 2022"
20,HDFC AMC reports 8.7% rise in PAT to Rs 344 cr,"Apr 27, 2022"
21,HDFC Bank announces highest dividend in over a decade; check details,"Apr 24, 2022"
22,"ICICI Bank Q4 Results: Net profit soars 59% to over Rs 7,000 cr","Apr 23, 2022"
23,FinMin urges PSBs to soar up balance sheet; raise capital from market,"Apr 22, 2022"
24,RBI slaps monetary penalty on Central Bank of India for non-compliance,"Apr 22, 2022"
25,RBI MPC members say addressing inflation risks crucial: Minutes,"Apr 22, 2022"
26,Don't believe RBI behind the curve in terms of interest rates: Keki Mistry,"Apr 22, 2022"
27,RBI orders Urban Co-op Banks to do away with honorary positions within 1 year,"Apr 21, 2022"
28,EXCLUSIVE: RBI rejects MobiKwik’s payment aggregator licence; support to crypto exchanges likely reason ,"Apr 21, 2022"
29,HDFC Bank revises FD interest rates; Check latest rates here  ,"Apr 20, 2022"
30,"RBI imposes fine on Manappuram Finance for violating KYC, PPI norms","Apr 18, 2022"
31,SBI raises 3-yr funds of $500 mn via IFSC Gift City branch,"Apr 18, 2022"
32,"SBI hikes MCLR by 10 basis points; home, car loans to be impacted  ","Apr 18, 2022"
33,"HDFC Bank Q4 results: Net profit up 22.8% YoY to over Rs 10,000 crore","Apr 16, 2022"
34,This private lender seeks shareholders' nod for 10-fold hike in MD & CEO salary,"Apr 15, 2022"
35,PNB nominates Pankaj Sharma as director on its board ,"Apr 12, 2022"
36,"HDFC Ltd, HDFC Bank chairmen call on FM Sitharaman","Apr 11, 2022"
37,"Bombay HC puts on hold CCI probe against trustee units of SBI, Axis, IDBI","Apr 11, 2022"
38,Bank of Baroda hikes MCLR across tenors by 0.05 percentage points ,"Apr 11, 2022"
39,"RBI imposes monetary penalties on Axis Bank, IDBI Bank; details here","Apr 08, 2022"
40,RBI releases guidelines on establishment of Digital Banking Units,"Apr 07, 2022"
41,"Axis Bank, ADB ink $150 mn partial guarantee pact to support supply chain financing","Apr 07, 2022"
42,HDFC Bank hikes interest rates; details here,"Apr 07, 2022"
43,"Rs 50,000 cr loans to be transferred to bad bank by April-end: Union Bank MD","Apr 06, 2022"
44,"CCI probing debt trustee units of SBI, Axis, IDBI on suspected fee cartel: Report","Apr 06, 2022"
45,"Bandhan Bank Q4 update: Total advances up 16%, deposits rise 24%","Apr 05, 2022"
46,Bank credit growth likely to be at 8.9%-10.2% in FY23: Icra,"Apr 05, 2022"
47,RBI permits Canara Bank to exercise call option of Tier-II bonds,"Apr 05, 2022"
48,RBI imposes penalties totaling Rs 5 lakh on 3 cooperative banks,"Apr 04, 2022"
49,"Bank of Maharashtra advances grow 27%, IDFC First Bank deposits rise 13% in FY22","Apr 04, 2022"
50,Merger with HDFC Bank will not impact HDFC's employees: Deepak Parekh,"Apr 04, 2022"
51,Paytm Payments Bank yet to appoint firm for system audit: Govt ,"Apr 04, 2022"
52,Concept of banking undergoing cathartic changes: Uday Kotak,"Mar 31, 2022"
53,Roadshows for IDBI Bank sale till April-end,"Mar 31, 2022"
54,Analysis: Here's how Axis Bank will gain from acquisition of Citibank's consumer biz,"Mar 30, 2022"
55,"Citibank customers can continue to avail rewards, privileges: Axis Bank MD","Mar 30, 2022"
56,"Axis Bank acquires Citi's India consumer business for Rs 12,325 cr","Mar 30, 2022"
57,RBI MPC to meet 6 times next fiscal; first meeting scheduled for April 6-8,"Mar 30, 2022"
58,Axis Bank to acquire Citi's India consumer business for $1.6 bn,"Mar 30, 2022"
59,"IDBI Bank to sell stakes in NSDL, AFLI  ","Mar 30, 2022"
60,ICICI Bank to acquire 10 lakh shares of ONDC for Rs 10 crore,"Mar 29, 2022"
61,"PNB board approves raising up to Rs 12,000 crore","Mar 29, 2022"
62,SBI to buy entire share of three stakeholders in SBI Global Factors,"Mar 29, 2022"
63,"Axis Bank, HDFC Bank to acquire up to 15% stake each in India Debt Resolution Co","Mar 29, 2022"
64,British govt relinquishes control of former Royal Bank of Scotland,"Mar 28, 2022"
65,"Nationwide strike on March 28-29: SBI branches, ATM services likely to be hit","Mar 27, 2022"
66,RBI issues framework for geo-tagging of payment system touchpoints,"Mar 25, 2022"
67,PNB acquires 6% stake in e-commerce platform ONDC for Rs 10 cr,"Mar 25, 2022"
68,"SBI signs pact with PNB HF, 4 other housing finance firms for co-lending of home loans","Mar 24, 2022"
69,"RBI allows SBIFML, other group entities to raise ICICI Bank stake upto 9.99% ","Mar 24, 2022"
70,"Axis, Kotak acquire 7.84% stake each in Open Network for Digital Commerce","Mar 23, 2022"
71,SBI's banking services may be impacted due to nationwide strike,"Mar 23, 2022"
72,"SBI Card, Nature’s Basket to roll out gourmet card for lifestyle spends","Mar 22, 2022"
73,"Banks recover Rs 61,000 cr via one-time settlement of loans in 4 years","Mar 22, 2022"
74,RBI cancels licence of Kanpur-based People's Co-operative Bank,"Mar 21, 2022"
75,PNB to consider fundraising plan for FY23 on March 29,"Mar 21, 2022"
76,"No fears of stagflation, RBI to remain supportive of growth: Shaktikanta Das","Mar 21, 2022"
77,HDFC Bank to declare Q4FY22 results on April 16,"Mar 21, 2022"
78,SBI lines-up 12 NPA accounts for sale to ARCs to recover over Rs 820 cr of dues,"Mar 20, 2022"
79,RBL Bank says some branches may be impacted by bank employees' 2-day strike,"Mar 19, 2022"
80,RBI gives 3-month extension to RBL Bank's interim MD & CEO,"Mar 17, 2022"
81,BBB recommends Alok Choudhary for SBI MD post,"Mar 16, 2022"
82,Is there a bank holiday tomorrow for Holika Dahan? Check details here,"Mar 16, 2022"
83,No public sector bank faced loss in April-Dec quarter of FY22: Govt,"Mar 16, 2022"
84,Lenders recover over Rs 7.34 lakh crore in six-and-a-half years till Dec 2021,"Mar 16, 2022"
85,"Punjab National Bank reports fraud of over Rs 2,000 crore in NPA account","Mar 15, 2022"
86,"BoE to lift bank rate on Thursday, raise borrowing costs in Q2","Mar 15, 2022"
87,Kotak Mahindra Bank hit by highest number of bank frauds in Apr-Dec FY22,"Mar 14, 2022"
88,Microfinance lenders cannot charge usurious interest rate: RBI,"Mar 14, 2022"
89,RBI imposes monetary penalty on Ahmedabad-based co-operative Bank,"Mar 14, 2022"
90,RBI lifts all curbs on HDFC Bank's digital business generating activities,"Mar 12, 2022"
91,ICICI Bank to acquire 5% stake in NARCL,"Mar 11, 2022"
92,RBI clarifies on collecting fees for grievance redressal from third party,"Mar 09, 2022"
93,Loans given at BFIL without customer nod due to technical glitch: IndusInd Bank,"Mar 09, 2022"
94,RBI launches UPI '123PAY' for feature phones: All you need to know,"Mar 08, 2022"
95,SBI appoints ex-Ujjivan Small Finance Bank CEO Nitin Chugh as Deputy MD,"Mar 08, 2022"
96,Axis Bank commits $150 mn loan to healthcare sector,"Mar 03, 2022"
97,RBI cancels licence of Sangli-based Sarjeraodada Naik Shirala Sahakari Bank,"Mar 02, 2022"
98,"'Only Indian bank in Russia' is a JV between SBI, Canara Bank","Mar 01, 2022"
99,"SBI stops handling trade with sanctioned Russian entities, banks, ports","Mar 01, 2022"
100,Russia hikes interest rates to 20%: How it compares with other central banks,"Feb 28, 2022"
101,"Union Bank, NPCI launch credit card for MSME borrowers","Feb 26, 2022"
102,Govt appoints Vivek Aggarwal as RBI nominee director in IOB,"Feb 25, 2022"
103,RBI cancels registration certificate of app-based lender PC Financial Services,"Feb 24, 2022"
104,'GDP to be 1% above pre-COVID level in FY22; RBI may continue with easy policy',"Feb 23, 2022"
105,"Meet V Vaidyanathan, who gifted 9 lakh equity shares to his staff","Feb 22, 2022"
106,Equitas Small Finance Bank fixes QIP issue price at Rs 53.59 per share,"Feb 18, 2022"
107,Srikanth Nadhamuni resigns as non-executive director of HDFC Bank,"Feb 18, 2022"
108,"Bank of Baroda buys 99,000 shares of India Debt Resolution Co at Rs 10/share","Feb 18, 2022"
109,"BT Brainstorm: RBI may look at reverse repo rate hike in April, says Keki Mistry","Feb 18, 2022"
110,Banking sector outlook revised for FY23; credit growth seen at 10%: Ind-Ra,"Feb 17, 2022"
111,HDFC Bank hikes fixed deposit interest rates by 5-10 bps; check rates here ,"Feb 17, 2022"
112,DFS Secy Sanjay Malhotra nominated as director on RBI's central board,"Feb 16, 2022"
113,SBI hikes interest rates on long-term fixed deposits; check latest rates here,"Feb 16, 2022"
114,RBI cancels licence of Mantha Urban Cooperative Bank,"Feb 16, 2022"
115,"Yes Bank money laundering case: Rana Kapoor, Gautam Thapar granted bail ","Feb 16, 2022"
116,RBI unlikely to hike policy rates till Aug despite rising retail inflation: UBS,"Feb 16, 2022"
117,RBI slaps fines on 5 banks totalling Rs 6.35 lakh for violating directions,"Feb 14, 2022"
118,"ABG Shipyard fraud: No delay in filing of case, says SBI","Feb 13, 2022"
119,Govt to soon appoint 3 independent directors on NaBFID board,"Feb 13, 2022"
120,"SBI expects to retrieve Rs 8,000 cr from written-off accounts in FY22","Feb 13, 2022"
121,"Yes Bank approves early redemption of eight bonds worth Rs 1,764 cr","Feb 11, 2022"
122,"Bank credit grows by 8.21%, deposits rise 8.31%: RBI data","Feb 11, 2022"
123,RBI extends term-liquidity facility to emergency health services till June 30,"Feb 10, 2022"
124,"Electoral bonds worth Rs 9,208 cr purchased by eligible individuals and entities: Govt","Feb 08, 2022"
125,RBI extends restrictions on Karnataka's Millath Co-Operative Bank by 3 months,"Feb 08, 2022"
126,SBI lines up 6 NPA accounts for sale to recover dues worth Rs 406 cr,"Feb 06, 2022"
127,"Bank of Baroda Q3: Net profit doubles to Rs 2,197 cr, NII up 14%","Feb 05, 2022"
128,"Ujjivan Small Finance Q3 loss narrows to Rs 34 cr, NII up 5%","Feb 05, 2022"
129,"SBI Q3 net profit surges 62% YoY to Rs 8,431.9 crore","Feb 05, 2022"
130,HSBC Insurance intends to buy PNB stake in Canara HSBC OBC Life Insurance,"Feb 02, 2022"
131,Bank Holidays in February 2022: Check list here for more,"Feb 02, 2022"
132,"IndusInd Bank Q3 results: Net profit up 50% to Rs 1,242 cr; NII rises 11%","Jan 29, 2022"
133,SBI withdraws guidelines on recruitment of pregnant women,"Jan 29, 2022"
134,DCW seeks withdrawal of SBI employment guidelines for pregnant women,"Jan 29, 2022"
135,AU Small Finance Bank results: Q3FY22 net profit soars 68% to Rs 302 cr ,"Jan 28, 2022"
136,Received all approvals to set up bad bank: SBI chairman Dinesh Khara,"Jan 28, 2022"
137,Punjab National Bank looks to further dilute its stake in UTI Mutual Fund,"Jan 28, 2022"
138,"Kotak Mahindra Bank Q3 profit jumps 15% on-year to Rs 2,131 crore","Jan 28, 2022"
139,SBI lists maiden issue of $300 million Formosa bonds on India INX,"Jan 28, 2022"
140,"PNB Q3 results: Net profit doubles to Rs 1,127 cr, NII falls 6.1%","Jan 27, 2022"
141,RBL Bank Q3 results: Net profit rises 6% to Rs 156 cr,"Jan 27, 2022"
142,Unity SFB says 96% of PMC Bank's depositors will be paid upfront,"Jan 27, 2022"
143,Canara Bank Q3 results: Net profit jumps over two-fold on lower provisioning ,"Jan 27, 2022"
144,Govt approves merger of PMC Bank with Unity Small Finance Bank,"Jan 25, 2022"
145,"RBI to conduct overnight VRR auction of Rs 75,000 cr on Monday","Jan 24, 2022"
146,"Axis Bank Q3 results: Net profit up 224% to Rs 3,614 cr, NII rises 17%","Jan 24, 2022"
147,HDFC Capital raises nearly $1.8 billion fund for affordable housing financing,"Jan 23, 2022"
148,"ICICI Bank Q3 results: Net profit up 25% to Rs 6,194 crore","Jan 22, 2022"
149,Yes Bank Q3 results: Net profit jumps 77% to Rs 266 cr on lower provisions,"Jan 22, 2022"
150,IDBI Bank Q3 Results: Net profit surges 53% to Rs 578 cr,"Jan 21, 2022"
151,"Bandhan Bank Q3: Net profit up 35.7% on-year; NII up 2.6% to Rs 2,124.7 cr","Jan 21, 2022"
152,RBI approves appointment of Vinod Rai as Independent Chairman of USFB,"Jan 20, 2022"
153,"BoFA profit beats estimates on loan growth, record-breaking M&A boost","Jan 19, 2022"
154,"Morgan Stanley profit surges on M&A wave, advice to wealthy","Jan 19, 2022"
155,Every fintech player should get NBFC licence from RBI: Uni Cards' Nitin Gupta,"Jan 19, 2022"
156,Economic activity strong; low Omicron severity brightens near-term prospects: RBI,"Jan 17, 2022"
157,Axis Bank closing in on Citi's consumer business in India: Report,"Jan 17, 2022"
158,"PMC Bank, Unity Small Finance Bank merger awaits govt approval","Jan 16, 2022"
159,RBL Bank adds NARCL's Pradip Shah on search committee to select new MD & CEO,"Jan 15, 2022"
160,"Yes Bank calls report about it seeking Rs 12,000 cr investment in ARC 'speculative'","Jan 15, 2022"
161,"2 autobiographies, 2 chairpersons, and the story behind SBI's super App YONO's birth","Jan 15, 2022"
162,"HDFC Bank Q3 profit jumps 18% to Rs 10,342 crore","Jan 15, 2022"
163,Arundhati Bhattacharya details contribution of past SBI chairmen in her book,"Jan 15, 2022"
164,JPMorgan profit beats estimates on M&A boost,"Jan 14, 2022"
165,"Citigroup profit drops 26% over higher expenses, consumer banking weakness","Jan 14, 2022"
166,"Housing finance company, 8 NBFCs surrender certificates of registration to RBI","Jan 13, 2022"
167,Looking to update bank details in UAN? Here are the steps listed by EPFO,"Jan 13, 2022"
168,Axis Bank ties up with California-based MinkasuPay for smoother net banking payments,"Jan 12, 2022"
169,"RBI Ombudsman scheme: Chandigarh got maximum complaints, Kanpur at 2nd spot","Jan 12, 2022"
170,Axis Bank reappoints Rajiv Anand as deputy MD for 3 years from Aug 4,"Jan 10, 2022"
171,Bank Of Baroda keeps one-year MCLR unchanged at 7.3%,"Jan 10, 2022"
172,"Kotak confirms receiving legal notice from Ashneer Grover, says no breach by Group","Jan 09, 2022"
173,RBI sets up fintech dept to focus on the fast-growing segment in India,"Jan 09, 2022"
174,RBI approves re-appointment of Anup Bagchi as ICICI Bank’s Executive Director,"Jan 07, 2022"
175,HDFC Bank revises charges for Insta Alerts service; check out details,"Jan 07, 2022"
176,UPI money transfer without Internet or smartphone; know how to do it,"Jan 06, 2022"
177,COVID-19: Unions urge to restrict banking hours till 2 pm in Maharashtra,"Jan 05, 2022"
178,"Bandhan Bank Q3 update: Advances grow 11% to Rs 89,213 cr","Jan 04, 2022"
179,"RBI appoints Deepak Kumar, Ajay Kumar Choudhary as executive directors","Jan 04, 2022"
180,"SBI, ICICI Bank, HDFC Bank systemically important banks: RBI","Jan 04, 2022"
181,"SBI adds new IMPS slab, to levy charge of Rs 20+ GST per transaction from 1 Feb","Jan 04, 2022"
182,HDFC Bank reports 13.5% rise in retail loans in Dec,"Jan 04, 2022"
183,"Small finance banks to see 20% AUM growth in FY22, profit to be subdued: ICRA","Jan 03, 2022"
184,Fino Payments Bank's international remittance biz gets RBI nod,"Jan 03, 2022"
185,"RBL Bank's total deposits decline 2.58% QoQ to Rs 73,637 cr as of December 31","Jan 02, 2022"
186,Ujjivan Small Finance Bank raises interest rates on FDs of up to Rs 2 cr,"Dec 31, 2021"
187,"India's current account slips into deficit in Q2, CAD now at 1.3% of GDP","Dec 31, 2021"
188,Rules for ATM transactions to change from Jan 1: Here’s what you need to know,"Dec 31, 2021"
189,RBL Bank sets up panel to search for MD & CEO ,"Dec 31, 2021"
190,2022: A likely year of firsts for insurance; general insurer privatisation; LIC mega IPO,"Dec 30, 2021"
191,SBI buys 9.95% stake in India International Clearing Corporation,"Dec 30, 2021"
192,SBI Card partners with Paytm for tokenising cards,"Dec 30, 2021"
193,"J&K Bank appoints Baldev Prakash as MD, CEO ","Dec 30, 2021"
194,RBI extends deadline for periodic KYC update till March 31,"Dec 30, 2021"
195,Gross NPAs of banks could jump to 9.5% by Sept 2022 in worst-case scenario: RBI,"Dec 29, 2021"
196,RBI flags Omicron threat to growth; says banks strong enough to face challenges,"Dec 29, 2021"
197,"Central Bank of India, NPCI launch RuPay card for business, MSME partners ","Dec 29, 2021"
198,Banks need to strengthen corporate governance: RBI report,"Dec 28, 2021"
199,"RBI extends restrictions on PMC Bank till March 31, 2022","Dec 28, 2021"
200,RBL Bank extends credit card partnership with Bajaj Finance for five years,"Dec 27, 2021"
201,ATM withdrawal charges to increase from Jan 1: Why has RBI allowed the charges to be increased? ,"Dec 27, 2021"
202,Bank holidays in January 2022: Check list here,"Dec 27, 2021"
203,"RBL Bank well capitalised, depositors need not react to speculative reports: RBI","Dec 27, 2021"
204,How does RBL Bank fare on key performance parameters?,"Dec 26, 2021"
205,Airtel Payments Bank crosses 1 billion transactions milestone in Q2,"Dec 26, 2021"
206,What led to the sudden exit of RBL chief Vishwavir Ahuja?,"Dec 26, 2021"
207,RBL Bank MD and CEO Vishwavir Ahuja goes on leave with immediate effect,"Dec 25, 2021"
208,RBI appoints Yogesh K Dayal as an additional director on RBL Bank's board,"Dec 25, 2021"
209,Christmas 2021: SBI offers car loan with zero processing fee; check details here,"Dec 24, 2021"
210,"Canara Bank raises Rs 2,500 crore via Basel-III bonds","Dec 24, 2021"
211,SBI Card raises Rs 650 crore through bond issue,"Dec 24, 2021"
212,RBI extends tokenisation deadline by 6 months,"Dec 23, 2021"
213,RBI imposes Rs 1 cr fine each on Mobikwik and Spice Money,"Dec 23, 2021"
214,"Central Bank of India, U GRO Capital to disburse MSME loans worth Rs 1,000 cr","Dec 22, 2021"
215,"Yes Bank board approves raising funds up to Rs 10,000 cr","Dec 21, 2021"
216,Axis Bank emerges as highest bidder for Citi's consumer business in India,"Dec 21, 2021"
217,Union Bank rolls out a monthly recurring deposit scheme; all you need to know,"Dec 20, 2021"
218,Bank strike continues for 2nd day; services hit at many places,"Dec 17, 2021"
219,Yes Bank to consider seeking shareholders' nod to raise funds on Dec 21,"Dec 16, 2021"
220,"RBI slaps Rs 1.8 crore penalty on PNB, Rs 30 lakh on ICICI Bank","Dec 15, 2021"
221,"Online PSB Loans raises Rs 50 crore from HDFC Holdings, TransUnion","Dec 15, 2021"
222,SBI board approves exploring of possibilities to offload 6% in SBI Funds through IPO,"Dec 15, 2021"
223,RBI issues prompt corrective action framework for NBFCs,"Dec 14, 2021"
224,SBI urges staff to refrain from participating in bank strike on December 16-17,"Dec 13, 2021"
225,Bank of Maharashtra cuts interest rate on home loans to 6.40%,"Dec 12, 2021"
226,Bank strike on 16 & 17 Dec likely to impact normal functioning: SBI,"Dec 10, 2021"
227,IPPB enables recurring payments through NPCI Bharat Bill Pay platform,"Dec 10, 2021"
228,LIC gets RBI nod to raise stake in IndusInd Bank to 9.99%,"Dec 10, 2021"
229,RBI Governor Shaktikanta Das’ extended 3-year term starts today,"Dec 10, 2021"
230,Paytm Payments Bank gets RBI nod for scheduled bank status,"Dec 09, 2021"
231,"Bank of Maharashtra, NPCI to launch contactless RuPay credit card","Dec 09, 2021"
232,Digitisation of banking in India now a ‘pull’ factor: Ex-SBI chairman Rajnish Kumar,"Dec 08, 2021"
233,UPI payments without Internet? Here's what RBI says,"Dec 08, 2021"
234,"PSBs recovered over Rs 4.18 lakh cr related to frauds, defaults in last 3 fiscals: Govt","Dec 07, 2021"
235,SBI chooses Intellect Wealth Qube for its digital wealth management transformation,"Dec 07, 2021"
236,Ujjivan Small Finance Bank appoints Ittira Davis as MD & CEO,"Dec 06, 2021"
237,53% rise in digital payments volume in the past 12 months: RBI’s P Vasudevan,"Dec 06, 2021"
238,"ATM cash withdrawals to become expensive from January 1, 2022","Dec 04, 2021"
239,Dhanlaxmi Bank Part-Time Chairman G Subramonia Iyer resigns,"Dec 02, 2021"
240,HDFC Bank raises FD interest rates; check details here,"Dec 02, 2021"
241,New interest rates on PNB's savings accounts from today,"Dec 01, 2021"
242,"SBI-backed CashFree acquires majority stake in UAE-based payments firm, Telr","Nov 30, 2021"
243,RBI imposes Rs 1 crore fine on Union Bank of India,"Nov 29, 2021"
244,LIC receives RBI approval to increase stake in Kotak Mahindra Bank to 9.99%,"Nov 29, 2021"
245,Capri Global ties up with SBI to offer MSME loans,"Nov 29, 2021"
246,"IndusInd Bank row: Shalabh Saxena, Ashish Damani resign; to assist the bank in the review of transactions at BFIL","Nov 29, 2021"
247,Bank holidays in December 2021: Banks to remain shut on these days; check full list here,"Nov 28, 2021"
248,RBI imposes Rs 1 crore fine on State Bank of India,"Nov 26, 2021"
249,"Yes Bank partners with Amazon Pay, AWS to offer UPI payment services","Nov 25, 2021"
250,CARE revises ratings of PNB's debt instruments from 'AA/Stable' to 'AA+/Stable',"Nov 25, 2021"
251,"Credit demand gets big boost; festive cheer aids growth, shows RBI data","Nov 25, 2021"
252,Zerodha's Nithin Kamath sees hope for banks with no 'moat' in NITI Aayog's latest proposal,"Nov 24, 2021"
253,"Indian Overseas Bank, Central Bank of India clarify on privatisation reports","Nov 24, 2021"
254,Govt to table bill to amend banking law in winter session; privatise 2 public sector banks,"Nov 24, 2021"
255,‘False and misleading’: CyberX9 responds to PNB’s clarification on data breach,"Nov 23, 2021"
256,"IndusInd Bank, Spandana Sphoorty’s tussle over two high-ranking executives ","Nov 23, 2021"
257,The curious case of two of IndusInd Bank's key people amid whistleblower allegations,"Nov 23, 2021"
258,"'In full compliance with govt, regulatory directives': SBI on digital transaction charges row","Nov 22, 2021"
259,RBI issues draft scheme for takeover of PMC Bank by Unity Small Finance Bank,"Nov 22, 2021"
260,RBI cautions against use of 'bank' in the names of co-operative societies,"Nov 22, 2021"
261,SBI yet to refund Rs 164 crore undue fee charged from Jan Dhan account holders,"Nov 21, 2021"
262,"PNB server vulnerability exposed customers' personal, financial data for around 7 months: CyberX9","Nov 21, 2021"
263,Over Rs 5 lakh crore recovered by banks from stressed loans: PM Modi,"Nov 18, 2021"
264,Banking community comes out in Pratip Chaudhuri’s support; vouch for his ‘unimpeachable integrity’,"Nov 16, 2021"
265,"Govt to soon clear list of independent directors for various banks, say sources","Nov 14, 2021"
266,Moody’s upgrades Yes Bank’s rating to B2 from B3; changes outlook to ‘positive’,"Nov 10, 2021"
267,Former SBI Chairman Pratip Chaudhuri gets bail ,"Nov 10, 2021"
268,RBI lifts business restrictions imposed on Diners Club,"Nov 09, 2021"
269,"RBI imposes curbs on Babaji Date Mahila Sahakari Bank; restricts withdrawals at Rs 5,000","Nov 09, 2021"
270,SBI sold over 15 loan accounts at a 65-67% discount under former chairman Pratip Chaudhuri,"Nov 06, 2021"
271,IndusInd Bank refutes whistleblower claims,"Nov 06, 2021"
272,RBI drops 'profitability' benchmark for declaring banks as weak under its PCA framework,"Nov 02, 2021"
273,SBI launches pre-approved two-wheeler loan of up to Rs 3 lakh on YONO app,"Nov 02, 2021"
274,Centrum-BharatPe's Unity Small Finance Bank commences operations,"Nov 01, 2021"
275,FinMin issues uniform staff accountability framework to protect bonafide decisions of bankers,"Nov 01, 2021"
276,Bandhan Bank empanelled as agency bank of RBI to facilitate govt transactions,"Nov 01, 2021"
277,"PMC Bank customers to not get Rs 5 lakh deposit cover in first lot, says RBI","Nov 01, 2021"
278,IDFC First Bank's Jul-Sep net profit rises nearly 50% to Rs 152 cr,"Oct 30, 2021"
279,Bank holidays in November 2021: Check out full list,"Oct 29, 2021"
280,"IndusInd Bank procures Rs 2,800 cr debt capital through bonds","Oct 29, 2021"
281,PM Jan Dhan Yojna accounts surge to 44 crore till Oct this year,"Oct 29, 2021"
282,RBI Gov Shaktikanta Das’ first 3 yrs were action-packed; what to expect from the next 3 yrs,"Oct 29, 2021"
283,Cabinet reappoints Shaktikanta Das as RBI governor for 3 years,"Oct 29, 2021"
284,SBI Cards Q2 results: Net profit increases by 13% to Rs 345 crore,"Oct 28, 2021"
285,Over 80% Indians back RBI's move to stop auto-debit,"Oct 28, 2021"
286,Indian Overseas Bank's Q2 net profit rises 154% to Rs 376.4 cr,"Oct 27, 2021"
287,Microfinance lenders should not throw caution to the wind for higher asset growth: RBI DG Rao,"Oct 27, 2021"
288,RBI approves Baldev Prakash as new chief of J&K Bank,"Oct 27, 2021"
289,"FM Sitharaman says banks sanctioned Rs 11,168 crore under credit outreach initiative","Oct 27, 2021"
290,"Axis Bank Q2 results: Lender reports all-time high quarterly profit at Rs 3,133 cr","Oct 26, 2021"
291,"Canara Bank's net profit almost triples to Rs 1,333 crore in Jul-Sep","Oct 26, 2021"
292,"New global rules leaves just 10 big EU banks short of capital, shows EU draft legislation","Oct 23, 2021"
293,Inside account of how SBI’s YONO became one of the largest digital lenders in India,"Oct 22, 2021"
294,Federal Bank’s Q2 net profit jumps 55% to Rs 488 cr,"Oct 22, 2021"
295,Bank credit grows 6.48%; deposits by 10.16%: RBI,"Oct 22, 2021"
296,IndusInd Bank launches EMI facility on debit cards,"Oct 21, 2021"
297,Westpac to launch zero-interest digital card for young consumers,"Oct 20, 2021"
298,Moody's revises Indian banking system outlook to 'stable' from 'negative',"Oct 19, 2021"
299,Here are all the bank holidays this week; check out list,"Oct 19, 2021"
300,"Bank of India slashes home, vehicle loan rates","Oct 17, 2021"
301,"Citibank's net banking, RTGS, other services to be down for 9 hours starting today; check timings","Oct 16, 2021"
302,RBI imposes monetary penalty on Janata Sahakari Bank Ltd,"Oct 11, 2021"
303,"MPC meet: RBI likely to keep rates unchanged, say experts ","Oct 08, 2021"
304,RBI imposes Rs 4 lakh penalty on Bicholim Urban Co-operative Bank ,"Oct 07, 2021"
305,RBI's MPC begins deliberations; likely to maintain status quo on interest rate,"Oct 06, 2021"
306,RBI approves licence of National Asset Reconstruction Company,"Oct 06, 2021"
307,Axis Bank becomes first Indian private bank to arrange a term SOFR linked trade deal,"Oct 06, 2021"
308,Back to normal! Five banks report 3-5% loan growth post second Covid wave,"Oct 05, 2021"
309,"HDFC Bank announces 10,000 offers under 'Festive Treats 3.0' campaign; check out full details","Oct 05, 2021"
310,"Yes Bank deposit grows 30.1% on-year, loans and advances up 3.6%","Oct 04, 2021"
311,Federal Bank's deposits jump 10% YoY in Q2 FY22,"Oct 03, 2021"
312,Soma Sankara Prasad expected to be next UCO Bank MD,"Oct 03, 2021"
313,"HSBC, Yes Bank join rate cut war; slash home loan rates","Oct 02, 2021"
314,RBI's new auto-debit rules kick in from today; check out details,"Oct 01, 2021"
315,RBI cuts avg base rate charged by NBFC-MFIs to 7.95% for Dec quarter,"Sep 30, 2021"
316,NPCI eyes $1 trillion worth of transactions through UPI on annual basis,"Sep 30, 2021"
317,"Banks disburse Rs 7,500 cr under Credit Guarantee Scheme for MFIs","Sep 30, 2021"
318,RBI removes Indian Overseas Bank from PCA framework,"Sep 29, 2021"
319,HDFC Bank issued 4 lakh credit cards after RBI lifted ban,"Sep 29, 2021"
320,Banks to remain closed on these days in Oct; check full list here,"Sep 29, 2021"
321,SBI extends deadline for special deposit scheme for senior citizens till 2022,"Sep 29, 2021"
322,Suryoday Small Finance Bank to shut down its ATMs from Oct 1,"Sep 29, 2021"
323,LIC looking to hire CFO ahead of mega IPO this fiscal year,"Sep 28, 2021"
324,RBI slaps Rs 2 cr penalty on RBL Bank for deficiencies in regulatory compliance,"Sep 27, 2021"
325,RBI slaps monetary penalty on The Jammu & Kashmir State Co-operative Bank,"Sep 27, 2021"
326,"HDFC Bank to double rural reach to 2 lakh villages; hire 2,500 people in six months","Sep 27, 2021"
327,Many districts lack banking presence; country needs 4-5 more SBI sized big banks: FM Sitharaman,"Sep 26, 2021"
328,Bank deposits grow 12% on higher CASA growth in FY21: RBI,"Sep 24, 2021"
329,"Bad Bank: India Debt Resolution Co takes shape with three directors, Rs 50 cr capital","Sep 23, 2021"
330,Govt extends Uday Kotak's term as IL&FS Chairman by 6 months,"Sep 22, 2021"
331,IDBI Bank stake sale: Dressing up a must before handing it over to a new suitor,"Sep 21, 2021"
332,HDFC Bank aims to double retail loans ,"Sep 21, 2021"
333,"HDFC Bank, Paytm to launch co-branded credit cards for millennials in October","Sep 20, 2021"
334,Kotak Mahindra to pick up 9.98% stake in KFin technologies for Rs 310 cr,"Sep 20, 2021"
335,IDBI Bank sale: Most merchant bankers indicate 52 weeks' time to conclude privatisation process,"Sep 19, 2021"
336,Punjab National Bank cuts RLLR to 6.55%,"Sep 17, 2021"
337,"Challenge for banks as outsiders Amazon, IKEA crack the finance code","Sep 17, 2021"
338,SBI slashes home loan interest rate to 6.70%; check out details,"Sep 16, 2021"
339,Is it a good idea to buy house during this festive season?,"Sep 14, 2021"
340,SBI’s net banking services to be hit for 2 hours on Sept 15,"Sep 14, 2021"
341,"Escorts, IndusInd Bank team up to provide affordable loans to farmers","Sep 14, 2021"
342,Banks' NPAs stable in June quarter; IBC needs improvement: Shaktikanta Das,"Sep 10, 2021"
343,Kotak Bank cuts home loan interest rates to 6.5% ahead of festive season,"Sep 09, 2021"
344,"Banks' credit growth to be at 8.9% in FY22 on economic recovery, retail demand: Ind-Ra","Sep 07, 2021"
345,Bank holidays this week: Banks to stay close for 5 days; check out full list,"Sep 06, 2021"
346,RBI imposes penalty on Mumbai's Sarvodaya Co-operative Bank,"Sep 06, 2021"
347,"Axis Bank rolls out new policies for LGBTQIA+ employees, customers","Sep 06, 2021"
348,SBI customers can convert purchase to EMI via debit card; here's how,"Sep 06, 2021"
349,"SBI internet banking, Yono apps to remain down for 3 hours on Sept 4","Sep 03, 2021"
350,RBI imposes Rs 50 lakh penalty on Bombay Mercantile Co-operative Bank,"Sep 03, 2021"
351,RBI imposes Rs 25 lakh fine on Axis Bank for non-compliance with KYC directions,"Sep 01, 2021"
352,"SBI raises Rs 4,000 cr through additional tier 1 bonds","Sep 01, 2021"
353,How to book bank FD using Google Pay in just 2 minutes,"Sep 01, 2021"
354,"Depositors' claims settled by DICGC rise over 1,500% in pandemic year","Aug 31, 2021"
355,Ex-SBI chief Rajnish Kumar appointed HSBC independent director,"Aug 30, 2021"
356,"Axis Bank starts issuing debt securities under Rs 35,000 crore debt-raise plan","Aug 30, 2021"
357,RBI imposes penalty on 5 payment system operators,"Aug 27, 2021"
358,"LIC IPO: Govt selects SBI Capital Market, Goldman Sachs, Citigroup, 7 other banks to raise up to Rs 90,000 cr","Aug 27, 2021"
359,"Processing about 1.5 bn transactions a month, says PhonePe","Aug 26, 2021"
360,"RBI fines two co-op banks, one NBFC","Aug 26, 2021"
361,RBI appoints Ajay Kumar as Executive Director,"Aug 26, 2021"
362,"Barclays Bank to pump in over Rs 3,000 cr in India operations","Aug 26, 2021"
363,Google partners with fintech co Setu to allow users to open FDs on GPay,"Aug 26, 2021"
364,Ujjivan Small Finance Bank appoints Carol Furtado as OSD after Nitin Chugh's resignation,"Aug 25, 2021"
365,"Canara Bank closes QIP by raising Rs 2,500 cr equity capital","Aug 25, 2021"
366,FM Sitharaman launches EASE 4.0 for institutionalising smart banking,"Aug 25, 2021"
367,ICICI Bank registers cheating case against Karvy Stock Broking,"Aug 25, 2021"
368,"Sandeep Bakhshi reappointed as ICICI Bank CEO, MD till October 2023","Aug 24, 2021"
369,HDFC Bank divests over 2% stake in CDSL for Rs 223 crore,"Aug 24, 2021"
370,Set a vision to emerge as neighborhood bank of choice: RBI to urban cooperative banks,"Aug 23, 2021"
371,Eight board members of troubled Ujjivan Small Finance Bank leave in 9 months,"Aug 23, 2021"
372,'Regain market share': HDFC Bank's credit card strategy after lifting of RBI's ban,"Aug 23, 2021"
373,"Axis Bank forms environmental, social and governance committee","Aug 23, 2021"
374,"NABARD's loans rise 25.2% to Rs 6 lakh cr in FY21, PAT reaches Rs 4,320 cr","Aug 23, 2021"
375,"IBA moves RBI seeking licence to set up Rs 6,000-cr bad bank","Aug 22, 2021"
376,"Karnataka Bank plans to raise Rs 6,000 crore via debt capital","Aug 22, 2021"
377,"BharatPe raises Rs 200 cr in debt from IIFL Wealth, Northern Arc","Aug 19, 2021"
378,"Nitin Chugh resigns as Ujjivan Small Finance Bank MD, CEO; cites ‘personal reasons’","Aug 19, 2021"
379,Goldman Sachs to buy NN group's NNIP for $1.98 bn,"Aug 19, 2021"
380,RBI revises guidelines for locker facility; banks' liability to be 100 times of annual rent,"Aug 18, 2021"
381,"'Will come back with a bang,' says HDFC Bank as RBI lifts curbs on sourcing of new credit cards","Aug 18, 2021"
382,"Mastercard to phase out magnetic stripes on credit, debit cards from 2024","Aug 18, 2021"
383,RBI permits HDFC Bank to issue new credit cards: Report,"Aug 17, 2021"
384,"Canara Bank's QIP issue worth Rs 2,500 cr opens; floor price set at Rs 155.58 per share","Aug 17, 2021"
385,SBI recovers paltry 5% of bad debt under lBC's liquidation process,"Aug 17, 2021"
386,"SBI announces special offers on car, gold loans; check details","Aug 16, 2021"
387,"Bank of Maharashtra tops PSU lenders chart in loan, saving deposit growth in Q1","Aug 15, 2021"
388,Bank holiday alert: Banks to remain closed for 4 days from today in these cities; check full list,"Aug 13, 2021"
389,"SBI sold bad loans at 70% discount, recovery still a far cry","Aug 13, 2021"
390,Bank credit rises 6.11% in fortnight ended July 30: RBI data,"Aug 12, 2021"
391,RBI to penalise banks for failing to timely replenish currency notes in ATMs from Oct 1,"Aug 10, 2021"
392,Bharat ATM to add 20 lakh outlets by 2022; to offer banking services in rural areas,"Aug 10, 2021"
393,HDFC Bank plans hiring 500 executives to expand MSME vertical,"Aug 10, 2021"
394,Indian bankers in talks as SC's verdicts threaten over $6 bn in loans,"Aug 09, 2021"
395,IDBI Bank strategic sale: 7 firms bid for transaction advisor,"Aug 08, 2021"
396,"Bank of Baroda back in black in Q1; net profit up at Rs 1,209 cr, NII rises 16%","Aug 07, 2021"
397,Yes Bank board approves Rana Kapoor's prosecution,"Aug 07, 2021"
398,City Union Bank Q1 results: Net profit jumps 12% at Rs 173 cr on lower provisioning,"Aug 07, 2021"
399,Avoid window dressing bad debt by parking NPAs with ARCs: Parliament panel to banks,"Aug 04, 2021"
400,"SBI's retail asset quality deteriorates amid pandemic, SME segment worst hit","Aug 04, 2021"
401,"SBI Q1 net profit rises 55% to Rs 6,504 cr, NII up 3.7%","Aug 04, 2021"
402,"Standard Chartered pretax profit jumps 57% in H1, announces $250 mn buyback","Aug 03, 2021"
403,"Bank of India Q1 net profit falls 15% to Rs 720 crore, NII declines 9.7%","Aug 03, 2021"
404,IndusInd Bank gets empanelled as Agency Bank to RBI,"Aug 03, 2021"
405,RBI slaps Rs 50.35 lakh penalty on Janalaxmi Co-operative Bank,"Aug 03, 2021"
406,"PNB Q1 result: Profit rises to Rs 1,023.5 cr; net NPA up 5.73%","Aug 02, 2021"
407,"RBL Bank posts loss of Rs 459 cr in Q1, net NPA rises to 2.01%","Aug 02, 2021"
408,Bank holidays in August 2021: Check out full list,"Aug 02, 2021"
409,SBI waives off home loan processing fees till August 31,"Aug 02, 2021"
410,No processing fees for SBI home loans till Aug 31; check out details,"Jul 31, 2021"
411,"Salary, pension, EMI payment rules to change from Aug 1; check out details","Jul 31, 2021"
412,RBI's MPC may keep policy rates unchanged in August: DBS,"Jul 31, 2021"
413,Bandhan Bank Q1 profit falls 32% as provisions for bad loan rise,"Jul 31, 2021"
414,Banks engage global cos to enhance online security infra amid rising cyber attacks,"Jul 31, 2021"
415,Bandhan Bank Q1 profit slumps 32.1% to Rs 373.1 cr; income up 16.7%,"Jul 30, 2021"
416,Mastercard submits new audit report to RBI after ban over violation of data storage rules,"Jul 30, 2021"
417,"LIC Cards Services, IDBI Bank launch RuPay credit cards Lumine, Eclat: check out full details","Jul 29, 2021"
418,"Covid-19 has brought everlasting changes in ways consumers, businesses function: Uday Kotak","Jul 29, 2021"
419,"SBI's Mudra loan NPAs jump to 23% despite Covid restructuring package, collateral-free guarantee","Jul 29, 2021"
420,RBI cancels licence of Goa-based The Madgaum Urban Cooperative Bank; bars it from conducting ‘banking’ operations,"Jul 29, 2021"
421,"Digital payments grew 30.2% in FY21, says RBI","Jul 29, 2021"
422,Paytm Payments Bank surpasses 1 crore FASTags mark,"Jul 29, 2021"
423,"Cooperative banks' depositors to be biggest beneficiaries of DICGC Bill, 2021","Jul 28, 2021"
424,Cabinet approves bill to settle depositors' claim in 90 days in case of bank collapse,"Jul 28, 2021"
425,"Good news for PMC, LVB, Yes Bank customers; Cabinet clears amendments to DICGC Act","Jul 28, 2021"
426,SBI introduces 'SIM binding' feature for more secure transactions; all you need to know,"Jul 28, 2021"
427,"Nearly Rs 49,000 cr lying unclaimed with banks, insurers: Minister Bhagwat Karad","Jul 28, 2021"
428,"IndusInd Bank net profit almost doubles to Rs 1,016 cr in Apr-Jun","Jul 27, 2021"
429,Bank NPAs drop to Rs 8.34 lakh cr at March-end 2021: Govt,"Jul 27, 2021"
430,How is CBDC different from private virtual currencies? RBI explains,"Jul 26, 2021"
431,Bank NPAs reduce to Rs 8.34 lakh crore at March-end 2021: MoS finance,"Jul 26, 2021"
432,"Axis Bank Q1 results: Net profit rises 94% to Rs 2,160 cr, NII up 11%","Jul 26, 2021"
433,"Kotak Mahindra Bank Q1 profit jumps 32% to Rs 1,642 cr; net interest income up 5.8%","Jul 26, 2021"
434,"Kotak Mahindra Bank Q1 profit jumps 32% to Rs 1,642 crore","Jul 26, 2021"
435,Finance Ministry recommends extension of tenure of chiefs of 3 PSBs,"Jul 25, 2021"
436,"HDFC Bank's Puri highest paid banker in FY21, ICICI Bank's Bakhshi forgoes salary in COVID year","Jul 25, 2021"
437,"RBI update: Salary, pension, EMI payment rules to change from Aug 1; check out details","Jul 25, 2021"
438,"ICICI Bank net profit jumps 78% to Rs 4,616 cr in Apr-Jun","Jul 24, 2021"
439,Yes Bank net profit zooms 355% to Rs 207 cr in Apr-Jun,"Jul 23, 2021"
440,SBI Cards Q1 results: Net profit falls 22% to Rs 305 cr as bad loans rise,"Jul 23, 2021"
441,Over 13 lakh MSME loan accounts restructured by public banks: Minister Narayan Rane,"Jul 23, 2021"
442,Citigroup elevates Rahul Saraf as head of Indian investment banking,"Jul 23, 2021"
443,IDFC can now exit as promoter of IDFC First Bank,"Jul 22, 2021"
444,"Central banks, wealth funds going greener and more activist: ESG survey","Jul 21, 2021"
445,"SBI, HDFC Bank move SC against disclosing information under RTI","Jul 19, 2021"
446,'Steer clear': SBI alerts customers against phishing attacks,"Jul 19, 2021"
447,"HDFC Securities to create discount broking architecture to compete with Zerodha, other firms","Jul 19, 2021"
448,Banks will remain closed in these cities for next 3 days; check out details,"Jul 18, 2021"
449,"Complied with 85% of tech demands, RBI to take call on lifting ban: HDFC Bank's Jagdishan","Jul 17, 2021"
450,"HDFC Bank results: Q1 net profit up 16% at Rs 7,730 cr, total income jumps 6.7%","Jul 17, 2021"
451,"Central Bank to seek shareholders' approval to set off loss of Rs 18,724 cr","Jul 17, 2021"
452,"NPA reduction for PSBs due to write-offs at Rs 1,31,894 cr in FY21: RTI","Jul 17, 2021"
453,"SBI online services, YONO, net banking, UPI to be down for 2.5 hrs today","Jul 16, 2021"
454,Bank credit grows 6.08%; deposits up by 9.76%: RBI,"Jul 16, 2021"
455,"India's Mastercard ban to hit banks' card operations, revenue, income","Jul 15, 2021"
456,RBI's take on what's coming in the way of transmission of interest rate cuts,"Jul 15, 2021"
457,"Mastercard ban: RBL Bank, Bajaj Finserv, Yes Bank most impacted","Jul 15, 2021"
458,RBL Bank signs up Visa post RBI's ban on Mastercard,"Jul 15, 2021"
459,Mastercard on your debit or credit card? There's nothing to worry,"Jul 14, 2021"
460,RBI bars Mastercard from onboarding new customers due to violation of data storage rules,"Jul 14, 2021"
461,Bank of England calls for crack down on 'secretive' cloud computing services,"Jul 13, 2021"
462,Pandemic risk finds a place in banks' risk management architecture,"Jul 12, 2021"
463,Jana Small Finance Bank gets Sebi's nod to float IPO,"Jul 12, 2021"
464,Granted approval to establish small finance bank to take over PMC Bank: RBI to HC,"Jul 12, 2021"
465,"Centre extends deadline for transaction, legal advisors to bid for managing IDBI Bank sale","Jul 11, 2021"
466,Equitas Holdings to merge company with its small finance bank,"Jul 10, 2021"
467,Bank employees working in sensitive positions to get surprise leaves of at least 10 days,"Jul 09, 2021"
468,Chinese hackers targeting SBI customers by sending malicious links,"Jul 09, 2021"
469,"RBI imposes monetary penalties on SBI, Bank of Baroda, 12 other banks","Jul 07, 2021"
470,"Bad loans of Indian banks to peak after FY23, says Fitch","Jul 07, 2021"
471,NHB imposes Rs 4.75 lakh fine on HDFC for technical non-compliance,"Jul 06, 2021"
472,Large banks with robust balance sheet to grow faster: Axis Bank CEO,"Jul 06, 2021"
473,HDFC Bank's aggregate advances grow 14.4% to Rs 11.47 lakh crore in June quarter,"Jul 05, 2021"
474,"Airtel Payments Bank sees surge in business volumes, hopes to break-even in FY22","Jul 04, 2021"
475,RBI should not print money to finance fiscal deficit: Pinaki Chakraborty,"Jul 04, 2021"
476,RBI imposes Rs 25 lakh penalty on Punjab and Sind Bank,"Jul 03, 2021"
477,"SBI customers alert! Banking services unavailable on July 4; check out timings, other details","Jul 03, 2021"
478,RBI warning: Tech giants' growth poses financial stability risk,"Jul 02, 2021"
479,Banks' gross NPAs may reach 9.8% by Mar 2022 from 7.4% a year ago: RBI,"Jul 02, 2021"
480,PNB scam: ED recovers Rs 17 cr from Nirav Modi's sister Purvi Modi,"Jul 01, 2021"
481,"TDS to SBI ATM rules, Axis Bank charges: Check details","Jul 01, 2021"
482,Bank holidays 2021: Here's list of days when banks will remain closed,"Jul 01, 2021"
483,Credit growth to industrial sector remained negative during FY21 due to COVID-19 crisis: RBI,"Jun 30, 2021"
484,SBI to charge for cash withdrawal after four transactions in a month from July 1,"Jun 29, 2021"
485,RBI imposes penalties on four cooperative banks for non-compliance,"Jun 30, 2021"
486,RBI searches for entity to develop multimedia publicity material for its awareness campaign,"Jun 27, 2021"
487,PNB Housing Finance shareholders okay appointments,"Jun 26, 2021"
488,"SBI internet banking, UPI services unavailable today; check out timings, other details","Jun 13, 2021"
489,"SBI introduces changes to ATM cash withdrawal, cheque books charges from July 1; Check out details","Jun 25, 2021"
490,RBI allows jewellers to repay part of gold loan with physical gold,"Jun 24, 2021"
491,'Redoubled efforts to fix issue': HDFC Bank CEO apologises for tech outages,"Jun 24, 2021"
492,"HDFC Life announces Rs 2,180 crore bonus","Jun 23, 2021"
493,HFDC Bank to hire 500 people as part of efforts to improve IT infra,"Jun 22, 2021"
494,"SBI Customers Alert! Internet banking services will be affected today; check out timings, other details","Jun 19, 2021"
495,RBI allows Centrum to set up small finance bank; PMC Bank takeover,"Jun 18, 2021"
496,"ICICI Bank raises Rs 2,827 crore by issuing bonds","Jun 16, 2021"
497,Bank of Baroda to offer flexible working model to employees,"Jun 15, 2021"
498,Paytm users can now book COVID-19 vaccine appointments on app; check out details,"Jun 14, 2021"
499,Axis Bank may up stake in Max Life over next 12-18 months,"Jun 13, 2021"
500,"Bank of Maharashtra looks to raise up to Rs 2,000 cr through QIP","Jun 13, 2021"
501,IDBI Bank account holders to only get 20 free cheque leaves per year from July 1,"Jun 11, 2021"
502,SBI launches 'Kavach' personal loan scheme of up to Rs 5 lakh for COVID patients,"Jun 11, 2021"
503,"Yes Bank board approves plan to raise Rs 10,000 cr via debt","Jun 10, 2021"
504,Equitas SFB collection efficiency falls to 78% in May,"Jun 05, 2021"
505,"PNB expects three-fold jump in profit to Rs 6,000 crore in FY22","Jun 05, 2021"
506,"IndusInd Bank to reduce carbon emissions by 50% in 4 yrs, up climate financing","Jun 05, 2021"
507,"Bank of Baroda board approves setting off Rs 11,048 cr loss against share premium account","Jun 05, 2021"
508,"PNB to pick stake in NARCL, looks to transfer Rs 8,000 cr NPAs","Jun 05, 2021"
509,"SBI asks customers to link PAN, Aadhaar till June 30 to avail online banking, other services","Jun 02, 2021"
510,"SBI-led banks can now sell Vijay Mallya's properties, shares worth Rs 5,646 cr","Jun 03, 2021"
511,IDBI Bank secures $239 mn debt judgement in UK High Court,"Jun 03, 2021"
512,HDFC Bank retracts advisory on cryptocurrency after RBI circular,"Jun 04, 2021"
513,COVID aid: RBI permits loan recast of up to Rs 50 cr under resolution framework 2.0,"Jun 04, 2021"
514,Hopeful of coming out of PCA framework soon: UCO Bank MD,"Jun 07, 2021"
515,"RBI slaps Rs 6 cr fine on Bank of India, PNB for contravention of norms","Jun 07, 2021"
516,"Union Bank Q4 results: Profit after tax recorded at Rs 1,330 cr","Jun 07, 2021"
517,"Higher interest rates, new schemes for bank customers with at least one vaccine dose","Jun 08, 2021"
518,SBI gets a foot in door of accounts aggregator biz with Cashfree,"Jun 09, 2021"
519,Bank of Baroda to sell 46 NPA accounts to recover dues worth Rs 597 cr,"Jun 09, 2021"
520,Yes Bank fraud case: CBI books industrialist Gautam Thapar,"Jun 10, 2021"
521,Bank holidays in June 2021: Check out full list,"May 31, 2021"
522,"Kotak Mahindra Bank board gives nod to proposal to raise Rs 5,000 crore via debt","May 30, 2021"
523,Central Bank allots over 280 crore preferential shares to Centre for capital infusion,"May 30, 2021"
524,Dhanlaxmi Bank Q4 results: PAT doubles to Rs 5 crore,"May 30, 2021"
525,COVID-19 impact: Banks initiate process of restructuring loans up to Rs 25 cr,"May 30, 2021"
526,RBI fines HDFC Bank Rs 10 crore over regulatory violations,"May 29, 2021"
527,SBI customers can update their KYC without visiting branch office; here's how,"May 28, 2021"
528,City Union Bank net profit grows 24% to Rs 592.82 crore in FY21,"May 28, 2021"
529,"Amid muted credit growth, COVID, big banks find their niche in corporate banking","May 27, 2021"
530,HDFC Bank introduces Mobile ATM in Bengaluru to assist customers amid COVID-19 curbs,"May 26, 2021"
531,"SBI changes rules for cash withdrawal from ATMs, branches; here's what you need to know","May 25, 2021"
532,SBI customers alert! Internet banking services to be unavailable till May 23,"May 22, 2021"
533,COVID-19 second wave: Barclays announces support measures for employees in India,"May 22, 2021"
534,Axis Bank to reclassify 3 promoters as public shareholders post regulatory approvals,"May 22, 2021"
535,"Amid Bitcoin chaos, Paytm Payments Bank aborts cryptocurrency exchanges","May 21, 2021"
536,SBI Q4 result today: What to expect?,"May 21, 2021"
537,"Big victory for banks! SC upholds IBC rule, says personal guarantors liable for corporate debt","May 21, 2021"
538,"SBI Q4 Results: Net profit rises 81% YoY to Rs 6,451 crore","May 21, 2021"
539,"SBI writes off bad loans worth Rs 52,758 crore in 4 years, Rs 17,590 crore in FY21","May 21, 2021"
540,"Paytm, PhonePe, Google Pay, other mobile wallets to be interoperable from April 2022","May 20, 2021"
541,"SBI changes rules, timings amid second COVID-19 wave; all you need to know","May 20, 2021"
542,More COVID-hit businesses may need loan restructuring: Banks to RBI,"May 20, 2021"
543,RBI under pressure from BFSI industry to defer new auditors' norms for a year,"May 18, 2021"
544,"SBI's YONO to offer fast tracked two-wheeler loans, express credit","May 17, 2021"
545,SBI to offload three NPA accounts next month for recovery of over Rs 235 crore,"May 16, 2021"
