,Headlines,Date,Sentiment
0,"PNB to bring down NPAs, ensure high loan recoveries: Atul Kumar Goel. ",2022-05-12,[[0.8150505  0.17827816 0.00667139]]
1,"SBI hikes bulk deposits rates by 40-90 bps, with immediate effect. ",2022-05-10,[[9.9982917e-01 1.4607080e-04 2.4661276e-05]]
2,Rate hike: HDFC Bank raises MCLR by 25 basis points across all tenures. CSB Bank hopes to double its credit growth annually for next three years. ,2022-05-09,[[2.1149972e-06 9.9999785e-01 1.1982177e-08]]
3,"Central Bank of India to close 600 branches by March 2023, says report. ",2022-05-05,[[9.9999452e-01 3.5204619e-07 5.1024153e-06]]
4,Bank credit growth to hit 4-year high of 11-12% in FY23: CRISIL. ,2022-04-29,[[6.6550815e-06 9.9998844e-01 4.8879110e-06]]
5,AU Small Finance Bank looking at 30% asset growth for five years. Fintech platfrom FidyPay partners Yes Bank to push financial inclusion. ICICI Bank launches India's 'open-for-all' digital ecosystem for MSMEs. ,2022-04-28,[[9.8008418e-01 1.9911151e-02 4.6583564e-06]]
6,RBI may be more open to granting credit card licences to NBFCs: Macquarie. ,2022-04-22,[[9.9999964e-01 2.4482645e-08 3.1589505e-07]]
7,"CARE upgrades rating for YES Bank's tier-II, infra bonds to ""BBB+"". Markets open, banks shut: Investors suffered after RBI holiday on Feb 7. ",2022-04-07,[[2.8645849e-05 1.2698105e-05 9.9995863e-01]]
8,HDFC Bank-HDFC merger: Regulatory changes for NBFCs proved decisive. HDFC giants' merger is a joint-family deal made for a changing India. ,2022-04-06,[[0.9972218  0.00117779 0.00160031]]
9,"YES Bank's loan book expands by 8.8% to Rs 1.81 trillion in FY22. Bad loans to decline to 5.6-5.7% level by March 2023, says ICRA. Gupshup acquires Active.Ai to strengthen customer experience solutions. Centre asked to see PIL seeking uniform banking code for forex transactions. Bandhan Bank's overall collection efficiency ratio stands at 96%. ",2022-04-05,[[3.0002519e-03 9.9698251e-01 1.7290227e-05]]
10,How Axis Bank gains from Citibank: It's about quality of customers. ,2022-04-04,[[3.013003e-06 9.999969e-01 8.370107e-08]]
11,Shifting Citi. ,2022-03-31,[[9.9659038e-01 4.6279587e-05 3.3633336e-03]]
12,"Punjab National Bank plans to raise Rs 12,000 crore through bonds. ",2022-03-29,[[9.9999237e-01 4.1688004e-06 3.4719699e-06]]
13,"Centre may seek crypto log on transactions from banks, exchanges. ",2022-03-24,[[9.9991691e-01 5.2090622e-06 7.7881843e-05]]
14,Par panel cautions govt against early euphoria over NPA reduction. Banks put in lesser amounts in VRRR auctions ahead of FY22-end. ,2022-03-22,[[9.9977261e-01 2.1862752e-04 8.8113520e-06]]
15,PNB board to consider debt raising plan for FY23 on Mar 29. ,2022-03-21,[[9.9999964e-01 6.3244478e-08 2.2167757e-07]]
16,"Banking sector is slowly emerging from after-effects of 3 waves of Covid-19. The deadweight of banking fraud in India: What's the weak link?. Small can be more beautiful: Biz model of SFBs may need to be tweaked. How did a five-member external jury select the BS Banker of the Year?. BS SFB round table: 'We have gone through 2 major crises since the birth'. BS CEO round table: Six bank chiefs agree that worst is over for industry. Banks, fintech firms need to collaborate to reach the unserved population. BS Banking Annual: 'It is opportunity NBFCs rather than advantage NBFCs'. Calibrated approach to bank privatisation needed: Industry leaders. RBI will ensure stability in the forex market, says Shaktikanta Das. ",2022-03-17,[[0.85300404 0.01261114 0.13438486]]
17,"Recouping lost credit card share to be 'gradual', says HDFC Bank. ",2022-03-15,[[0.8237491  0.11341251 0.06283832]]
18,March out of retail: Why are foreign banks clinging to corporate banking?. Ukraine impact: India's private banks may feel the heat from weak macros. ,2022-03-14,[[3.9894450e-05 8.7610815e-06 9.9995136e-01]]
19,Moderate asset quality pressure may re-emerge for banks: Fitch. ,2022-03-12,[[8.9505449e-04 7.0437822e-03 9.9206114e-01]]
20,"Innovative tech creating unprecedented disruption in banking sector: Khara. Bank loans rose 7.9% YoY in two weeks to Feb 25, deposits up 8.6%: RBI. ",2022-03-11,[[9.464311e-04 9.981111e-01 9.424837e-04]]
21,"Canara Bank raises Rs 1,000 cr through Basel-III compliant AT-1 bonds. ",2022-03-04,[[9.9986041e-01 9.8921955e-05 4.0678136e-05]]
22,Urban cooperative banks get relief for investing in umbrella organisation. ,2022-03-03,[[9.9363601e-01 7.7349728e-04 5.5905567e-03]]
23,Banks concerned as trade settlements with Russia stall in face of sanctions. ,2022-03-02,[[1.2278430e-04 4.6548536e-07 9.9987674e-01]]
24,"From banking to sports to vodka, Russia's isolation grows amid Ukraine war. ",2022-03-01,[[0.24045049 0.7522666  0.00728291]]
25,ABG Shipyard's debt conversion in bankruptcy case adhered to rules: Banks. ,2022-02-28,[[9.9999464e-01 2.9823201e-07 5.0131362e-06]]
26,LIC IPO: Bankers buy time to decide on valuations amid market mayhem. ,2022-02-26,[[9.9918538e-01 7.4854936e-04 6.6075503e-05]]
27,"Rupee sinks 109 paise, worst in Asia; RBI intervenes to reduce volatility. DBS Bank India migrates to new IFSC and MICR codes of erstwhile LVB. ",2022-02-25,[[9.9962163e-01 7.4100462e-05 3.0425782e-04]]
28,PSB recap bonds fair valuing to dent Tier-1 capital up to 1.75%: Ind-Ra. ,2022-02-23,[[9.9970466e-01 2.9477931e-04 4.9401768e-07]]
29,"HSBC says its profit tripled in 2021 to $12.6 billion, outlook 'good'. ",2022-02-22,[[4.9838005e-09 1.0000000e+00 5.0851323e-09]]
30,FM Nirmala Sitharaman asks banks to be more customer-friendly. Gold loan NBFCs may adopt aggressive growth strategies amid competition'. ,2022-02-21,[[0.36898038 0.43701297 0.19400665]]
31,CSB Bank gets RBI nod to appoint Pralay Mondal as Deputy Managing Director. NBFCs seek priority sector tag for 2-wheeler loans financed by bank credit. ,2022-02-18,[[9.9998426e-01 4.5325128e-06 1.1167780e-05]]
32,"LIC IPO applications: Banks told to raise UPI per-transaction cap. Three shipyards account for bulk of Rs 44,000 cr banks lost to the industry. ",2022-02-17,[[9.8443455e-01 1.7716820e-05 1.5547698e-02]]
33,More capital support to IDBI Bank may have adverse impact on LIC: DRHP. ,2022-02-15,[[5.4330210e-04 2.8546241e-05 9.9942809e-01]]
34,"ABG Shipyard fraud: Banks' detection faster than usual, says FM Sitharaman. ",2022-02-14,[[6.3350503e-03 9.9365294e-01 1.1967894e-05]]
35,Banks in India can offer foreign currency-settled rupee derivatives. ,2022-02-10,[[9.9998236e-01 3.6241504e-06 1.4123564e-05]]
36,"DCB Bank Q3 net down 21.9% YoY to Rs 75 cr as other income falls. Spike in credit demand from corporate, RAM segments: Indian Bank MD & CEO. ",2022-02-09,[[4.8462607e-07 1.3233944e-06 9.9999821e-01]]
37,Punjab and Sind Bank post Rs 301 cr net profit in Q3 versus year-ago loss. ,2022-02-07,[[0.862401   0.0015277  0.13607134]]
38,City Union Bank Q3 net rises 15% to Rs 196 crore on lower provisioning. ,2022-02-04,[[5.4655211e-05 9.9994135e-01 3.8914322e-06]]
39,"Beyond the third wave: Rural economy, banking recovery, and more. IOB Q3 net profit goes up by 113% as provisions decline sharply. ",2022-02-02,[[3.1426082e-09 1.0000000e+00 7.0512325e-09]]
40,"Govt expects 27% lower dividend at Rs 74,000 cr from RBI and banks in FY'23. ",2022-02-01,[[0.90194124 0.02488238 0.07317648]]
41,Central Bank Q3 profit jumps 69% at Rs 279 cr on core income growth. Punjab National Bank looking to further dilute its stake in UTI Mutual Fund. Banks' loans rose 8% YoY in two weeks to January 14: RBI data. ,2022-01-28,[[1.3158857e-05 9.9998593e-01 1.0099734e-06]]
42,"Airtel Payments Bank customers' deposit surges 75% to Rs 1,000 cr in 2021. Fino Payments Bank net profit rises 116% at Rs 14.1 crore in Dec quarter. ",2022-01-27,[[2.1404754e-08 9.9999988e-01 8.3250100e-08]]
43,Wall St: Investors may take shelter in US regional banks as Fed hikes loom. ,2022-01-22,[[9.9893695e-01 2.6610320e-05 1.0365070e-03]]
44,Rupee rises 8 paise to close at 74.43 against US dollar on easing oil price. ,2022-01-21,[[0.9667633  0.0315501  0.00168667]]
45,"Bankers need not have heartburn, LIC staff deserved better pay: AIIEA. ",2022-01-20,[[0.20459679 0.7913791  0.00402411]]
46,"Tech, banking among sectors that will be the hottest stock picks for 2022. ",2022-01-19,[[7.7550656e-01 2.2442932e-01 6.4191394e-05]]
47,PMC Bank merger with Unity Small Finance Bank awaits govt approval. ,2022-01-16,[[9.542553e-01 9.265097e-05 4.565214e-02]]
48,SBI hikes interest rates on fixed deposits by up to 10 basis points. ,2022-01-15,[[9.9947447e-01 4.9702352e-04 2.8418321e-05]]
49,"REC raises $1,175 million from a consortium of seven banks. Bank credit grows 9.16%, deposits up 10.28%, says RBI data. ",2022-01-14,[[5.9407940e-03 9.9405885e-01 3.6385939e-07]]
50,"State Bank of India raises $300 million of Regulation S Formosa bonds. Libor, the most important number in international finance, dies at 52. ",2022-01-13,[[9.9992096e-01 4.6230352e-06 7.4394244e-05]]
51,SBI invites applications for head of digital banking till January 28. Ex-RBI governor Urjit Patel appointed as vice president of AIIB. ,2022-01-11,[[9.9993944e-01 3.8759157e-05 2.1848067e-05]]
52,CSB Bank eyes new highs as CEO CVR Rajendran retires on health grounds. ,2022-01-10,[[0.95176506 0.00424704 0.04398796]]
53,RBI hikes threshold for deposits of non-financial small biz customers. Centre seeks relaxation in promoter shareholding cap for IDBI Bank sale. ,2022-01-07,[[0.94935036 0.04447568 0.0061739 ]]
54,"Large, mid-sized banks report 11-23% loan growth in December quarter. Airtel Payments Bank gets permission to function as scheduled bank from RBI. Bandhan Bank collection efficiency ratio increases to 93 pc in December. ",2022-01-05,[[1.1549151e-05 9.9998832e-01 1.1172245e-07]]
55,Bad loans of small finance banks may go up 70-80 bps by FY22-end. SBI: A limited account. ,2022-01-04,[[9.9961263e-01 3.4061453e-05 3.5328942e-04]]
56,How l'affaire RBL Bank may impact RBI's equation with entities it regulates. Banking at a crossroads: Why 2022 may well be another reset year. ,2022-01-03,[[9.9945277e-01 7.8440004e-05 4.6883471e-04]]
57,Things to watch out for in 2022. Return to normalcy will be the norm in 2022. ,2022-01-02,[[9.9307865e-01 2.2211524e-04 6.6992417e-03]]
58,RBL Bank attempts to boost depositors' trust after CEO's sudden exit. ,2022-01-01,[[9.9490756e-01 4.5062681e-03 5.8610068e-04]]
59,IDFC First Bank board favours merger with promoter entities. RBL Bank sets up panel to hunt for managing director & CEO. Credit card spends dip 11.6% in November after record show in October. Asheesh Pandey takes charge of Bank of Maharashtra's executive director. NITI Aayog senior advisor Anna Roy among top 30 fintech influencers. ,2021-12-31,[[9.999534e-01 4.109657e-06 4.257894e-05]]
60,"Private banks seeing jump in number of online frauds: RBI report. Bank NPAs may go beyond 8% by September 2022, says RBI report. Pvt cryptocurrencies pose immediate risks to customer protection: RBI. SBI to acquire nearly 10% stake in India International Clearing Corporation. IDFC FIRST Bank begins process for 3-way merger; stock ends flat. ",2021-12-30,[[1.6660203e-03 6.0258659e-05 9.9827373e-01]]
61,Limits of progress. ,2021-12-29,[[0.5955877  0.02307553 0.3813368 ]]
62,"Pune Police book Saraswat Bank chairman, MD, 6 others in cheating case. RBI approves re-designation of Rajiv Anand as Axis Bank Deputy MD. AU Small Finance Bank inducts ex-RBI deputy governor H R Khan on its board. ",2021-12-28,[[9.9998677e-01 5.9278645e-06 7.2234593e-06]]
63,Banking sector set to witness significant reforms in the new year. ,2021-12-26,[[0.5807537  0.08486588 0.33438042]]
64,Citicorp Finance reworking business strategy to focus on corporate lending. ,2021-12-25,[[9.9756420e-01 2.0996713e-06 2.4336707e-03]]
65,"Technology is causing disruptions in banking, says K V Kamath. Banks need additional $70 bn to back $5- trn GDP: SBI's Dinesh Khara. Merchants seek six more months to meet card data storage norms. ",2021-12-23,[[9.4869643e-01 1.8762425e-05 5.1284865e-02]]
66,"YES Bank board approves raising funds up to Rs 10,000 crore. ",2021-12-21,[[9.9997938e-01 1.7822962e-05 2.6961150e-06]]
67,"New licensing regime for UCBs on the cards after a 17-year standstill. Governance to groundwork for digital biz, the year that was 2021 for RBI. ",2021-12-20,[[9.9979752e-01 1.2790994e-04 7.4660027e-05]]
68,On the cusp of an orbital jump. ,2021-12-19,[[8.76239955e-01 1.23656355e-01 1.03572514e-04]]
69,"India is mulling changes in law to cut govt's stake in banks: Report. ICICI Bank raises Rs 5,000 crore debt capital by issuing bonds. Two-day nationwide bank strike ends; services across country hit. SBI's exposure to road sector at Rs 90,000 crore, says Dinesh Khara. ",2021-12-17,[[9.9999189e-01 6.6933326e-06 1.4607951e-06]]
70,Top headlines: Byju's may go public; strike cripples banking services. ,2021-12-16,[[1.5675765e-01 2.4603823e-05 8.4321773e-01]]
71,State Bank of India attempts to dissuade employees from striking work. ,2021-12-14,[[1.5471008e-03 2.4665243e-05 9.9842823e-01]]
72,NHB seeking agency for data on unsold properties across 50 cities. Bank of Maharashtra lowers home loan rate to all-time low of 6.4%. ,2021-12-12,[[9.9947292e-01 2.6505819e-04 2.6205613e-04]]
73,Rules on banks' investment portfolios to be revamped first time in 21 years. ,2021-12-09,[[9.9973398e-01 2.3803182e-04 2.8038910e-05]]
74,"Ease of doing biz, bank sector support will boost telecom industry: Birla. ",2021-12-08,[[1.2206275e-06 9.9999869e-01 6.6277181e-08]]
75,"PSBs recovered Rs 4.18 trn related to frauds, defaults in last 3 fiscals'. ",2021-12-07,[[0.22893737 0.01057542 0.76048726]]
76,Privatisation of PSBs: Two-day bank strike from December 16. Dhanlaxmi Bank Part-Time Chairman G Subramonia Iyer submits his resignation. ,2021-12-02,[[9.9916434e-01 1.3995568e-05 8.2158914e-04]]
77,"With Farm Laws Repeal Bill & crypto on agenda, winter session begins today. ",2021-11-28,[[9.9999976e-01 7.6750464e-09 2.4976802e-07]]
78,"RBI stance signals easier framework for setting up banks, say experts. ",2021-11-27,[[1.5732449e-02 9.8425806e-01 9.4638417e-06]]
79,"Wilful defaults Rs 62,000 crore higher than before Covid pandemic. ",2021-11-25,[[9.6919760e-03 9.9011713e-01 1.9084859e-04]]
80,Sahakar Bharati may seek tweaks in PMC Bank's draft merger scheme. ,2021-11-24,[[9.9989343e-01 3.3763458e-06 1.0328166e-04]]
81,Bad-loan market may see a flurry of activity after lull of past few years. ,2021-11-22,[[5.1249917e-06 9.3597771e-07 9.9999392e-01]]
82,Banking sector strong today due to current regime's reforms: PM Modi. Govt to set up working groups to prepare action plan: Bank officials. Strengthening financial sector. ,2021-11-18,[[4.2944222e-08 1.0000000e+00 1.6536937e-08]]
83,"Dip in provisions helps PSB profits jump 94% to Rs 17,312 crore in Q2. Banks' core earnings face heat from poor credit growth, low yields on loans. ",2021-11-13,[[1.8799152e-08 1.0129914e-05 9.9998987e-01]]
84,"BFSI Summit: Worst is behind, slippages may rise, say India's top bankers. A brave new world of banking. ",2021-11-11,[[0.6237951  0.33390594 0.04229897]]
85,"RBI governor, top bankers to bring down curtains on BS-BFSI summit today. ",2021-11-09,[[9.9990666e-01 4.6081112e-07 9.2800641e-05]]
86,"Is the sparkle returning? Banks are now better placed to handhold India Inc. Best of BS Opinion: Pratip Chaudhuri's arrest, infinite learning, and more. Utkarsh Small Finance Bank reports Rs 38 cr profit for Apr-Sept FY22. RBI imposes curbs on Maharashtra-based Babaji Date Mahila Sahakari Bank. ",2021-11-08,[[9.999131e-01 8.015600e-05 6.819526e-06]]
87,"Credit Suisse takes axe to broking biz after multibillion-dollar losses. Next quarter onwards, hope to see positive growth: PNB Housing Finance CEO. ",2021-11-05,[[2.7755554e-08 1.0000000e+00 2.3132849e-08]]
88,"Bank of India profit zooms 100% to Rs 1,051 crore on low provisions. Best of BS Opinion: Towards net zero, banking accountability, and more. ",2021-11-03,[[0.10860907 0.8848695  0.00652149]]
89,"SBI ex-chief Pratip Chaudhuri arrested, sent to 14-day judicial custody. Appropriate governance standards at banks needed for public trust: RBI DG. Festive season: Credit card spends jump 57% in September, shows data. Be vigilant to vulnerabilities: RBI governor Shaktikanta Das to banks. Alchemist ARC to move Jaisalmer court against Pratip Chaudhuri's arrest. ",2021-11-02,[[0.9926804  0.00458615 0.00273344]]
90,Bankers in a state of shock after former SBI chairman Chaudhuri's arrest. Yes Bank appoints Sharad Sharma non-executive director. ,2021-11-01,[[9.9997652e-01 1.1658941e-06 2.2337144e-05]]
91,"BFSI Summit: There's so much to sell, everyone can make money, say experts. IDFC First Bank net profit up nearly 50% at Rs 152 cr in Sep qtr. ",2021-10-30,[[8.9466056e-08 9.9999988e-01 9.4633652e-09]]
92,"Punjab National Bank quarterly profit jumps 78% to Rs 1,105 crore. Govt appoints KV Kamath as chairperson of newly set up Rs 20,000-cr DFI. ",2021-10-27,[[6.1325491e-03 9.9385023e-01 1.7189795e-05]]
93,Peanut penalty and reputation risks for banks. ,2021-10-25,[[1.5496091e-05 2.9574736e-05 9.9995494e-01]]
94,"YES Bank Q2 net up 74% to Rs 225 cr on lower provisions, NII shrinks 23%. ",2021-10-22,[[4.8437349e-05 9.9992418e-01 2.7358676e-05]]
95,Banks' microloan portfolio contracts 7% to Rs 2.36 trillion in June quarter. IDBI Bank Q2 net profit surges 75% to Rs 567 cr; NIM improves. ,2021-10-21,[[1.1213289e-09 1.0000000e+00 2.0394497e-09]]
96,Gross NPAs of banks may decline to 6.9% by March 2022: Report. ,2021-10-20,[[0.8573776  0.00262421 0.1399982 ]]
97,"BS BFSI Summit: Economic recovery is on but risks lie ahead, say economists. ",2021-10-19,[[0.9960077  0.00165352 0.00233885]]
98,Cash going to co-exist with central bank digital currency: Subbarao. ,2021-10-18,[[9.9999774e-01 7.2595945e-08 2.1020292e-06]]
99,"HDFC Bank Q2 net up 18% to Rs 8,834 cr, steady rise in interest, fee income. ",2021-10-16,[[7.3402681e-08 9.9999988e-01 1.6083292e-09]]
100,"UCO Bank chief A K Goel is new IBA chairman, succeeds Union Bank MD. Banks must be ready for fully convertible capital account: RBI Dy Governor. Contenders for Citibank's retail arm still in due diligence stage. ",2021-10-14,[[9.9990332e-01 5.0337853e-06 9.1658323e-05]]
101,Earnings preview: Bank profits to show steady rise despite provisions. ,2021-10-12,[[9.1138406e-07 9.9999893e-01 1.1961200e-07]]
102,Privatisation is far more difficult than consolidation. ,2021-10-10,[[2.0432021e-03 2.9617257e-05 9.9792719e-01]]
103,Banks need to accelerate green lending for sustainable growth: SBI chief. ,2021-10-07,[[0.47560388 0.20282973 0.32156643]]
104,"SBI stock trades higher for third straight session, nears record high. ",2021-10-06,[[9.7091707e-08 9.9999988e-01 3.3152188e-09]]
105,"HDFC Bank launches Festive Treats 3.0 with over 10,000 offers. State-owned Canara Bank cuts MCLR by up to 15 bps. ",2021-10-05,[[9.9704981e-01 2.0809541e-03 8.6924463e-04]]
106,"Yes Bank posts 3.6% growth in advances at Rs 1,72,945 cr in Sep quarter. ",2021-10-04,[[9.9784255e-01 2.1309252e-03 2.6535172e-05]]
107,"ICRA flags asset quality pressure risk for IDBI Bank due to pandemic. New RBI norms kick in today, may hit 50% recurring payments. ",2021-10-01,[[5.6609465e-03 3.7038201e-04 9.9396873e-01]]
108,"Bank of India raises Rs 1,800 cr via Basel-III-compliant bonds. ",2021-09-30,[[9.996897e-01 3.009901e-04 9.237099e-06]]
109,"Banks disburse Rs 7,500 cr under Credit Guarantee Scheme for microfinancing. ",2021-09-29,[[9.999379e-01 9.818109e-07 6.119099e-05]]
110,Centre starts talks with RBI to kick off bank privatisation process. ,2021-09-28,[[9.9999845e-01 5.5512453e-07 8.9717093e-07]]
111,RBI imposes Rs 2 crore penalty on RBL Bank for regulatory non-compliance. ,2021-09-27,[[1.3564177e-01 4.2269140e-04 8.6393547e-01]]
112,HDFC sells part of invoked shares of Ansal Housing to recover dues. ,2021-09-25,[[0.0672648  0.04687828 0.8858569 ]]
113,"Bank deposits rise 12% in FY21 on higher CASA growth: RBI data. 7 am-7 pm: The business hours of digital fraudsters, says HDFC Bank. ",2021-09-24,[[5.7898476e-05 9.9994206e-01 2.0470409e-08]]
114,Banks should be more liberal on issues like exchange rates: Goyal. ,2021-09-23,[[9.9998236e-01 5.9827348e-06 1.1704391e-05]]
115,"DICGC asks 21 stressed cooperative banks to prepare list of account holders. Axis Bank commits Rs 30,000 cr till FY26 towards sustainable lending. ",2021-09-22,[[9.9999940e-01 2.8629493e-08 5.6359391e-07]]
116,An existential crisis for banking sector?. ,2021-09-20,[[3.1152100e-04 2.7391136e-06 9.9968576e-01]]
117,Punjab National Bank cuts repo-based lending rate by 25 bps to 6.55%. ,2021-09-17,[[9.9779910e-01 3.6154466e-04 1.8392605e-03]]
118,Sebi mulls carving out separate AIF category to buy distressed loans. RBI nod to special committee to oversee operations at Ujjivan SFB. ,2021-09-16,[[9.9998832e-01 1.1053273e-07 1.1510962e-05]]
119,Indian Banks' Association to steer 'EASE reforms' in public sector banks. ,2021-09-15,[[0.9638906  0.03502424 0.0010852 ]]
120,Gross NPAs of banks to cross Rs 10 trn by March 2022: Study. ,2021-09-14,[[9.9998403e-01 7.3246179e-07 1.5307109e-05]]
121,"After Q1 spike, NBFC bad loans to ease in FY22 as collections improve: Icra. Trust between govt, industry key to use opportunities created by Covid: FM. We want Federal Bank to be the 'Rahul Dravid' of banking space: MD-CEO. ",2021-09-13,[[1.9602950e-01 8.0391377e-01 5.6726505e-05]]
122,Indian banks' improved performance in contrast to stress from Covid: Fitch. ,2021-09-10,[[4.956029e-08 1.000000e+00 1.650722e-08]]
123,RBI penalises 2 co-op banks for deficiencies in regulatory compliance. Bank of Baroda's launches one-stop digital platform 'bob World'. ,2021-09-08,[[0.7099091  0.01954134 0.2705496 ]]
124,Ind-Ra retains 'stable' outlook on Indian banking sector in FY22. Centre appoints Harsha Bhupendra Bangari as EXIM Bank MD. ,2021-09-07,[[9.9922359e-01 2.2683336e-04 5.4964318e-04]]
125,Cathie Wood's fintech ETF sells HDFC Bank for first time since May. Bank of Maharashtra expects total business to cross Rs 3 trn soon. RBI imposes Rs 50 lakh penalty on Bombay Mercantile Co-operative Bank. ,2021-09-03,[[9.9999714e-01 6.1337937e-07 2.2504009e-06]]
126,Not an easy gateway for BillDesk to India's billing ecosystem. RBI fines Axis Bank Rs 25 lakh for flouting KYC norms. ,2021-09-01,[[9.9993360e-01 5.6678887e-06 6.0615901e-05]]
127,"PNB waives all service charge, processing fee on retail products. ",2021-08-31,[[9.9860209e-01 2.7323753e-05 1.3705640e-03]]
128,IDFC First Bank aims retail loan book growth of 25% on long-term basis. ,2021-08-29,[[5.2251467e-03 9.9477381e-01 1.0150179e-06]]
129,FinMin exploring insurance bonds as alternative to bank guarantees. ,2021-08-24,[[9.9991775e-01 2.9964733e-05 5.2381820e-05]]
130,"Banks recast loans worth Rs 35,000 crore under RBI's second scheme. ",2021-08-21,[[9.9998617e-01 1.0313856e-06 1.2698031e-05]]
131,HDFC Bank's $1-billion global AT-1 bond issue priced at 3.7%. ,2021-08-18,[[9.9999940e-01 1.0971960e-07 4.2882834e-07]]
132,HDFC Bank can start issuing credit cards again as RBI eases curbs. ,2021-08-17,[[9.9957734e-01 4.1686726e-04 5.7825137e-06]]
133,"Of Covid deaths, bank deposits and bad loans. ",2021-08-15,[[9.9989331e-01 1.2490878e-05 9.4223666e-05]]
134,"Track up to 29-day dues in micro-loans to contain slippages: Sidbi. A new phishing attack lurking to scam banking customers: Advisory. AU Small Bank eyes Universal banking status in 2-3 yrs, says MD-CEO. ",2021-08-11,[[9.9989879e-01 3.9075905e-05 6.2115025e-05]]
135,Indian bankers in talks as court rulings threaten over $6 billion in loans. ,2021-08-08,[[9.9803132e-01 9.2122871e-05 1.8765986e-03]]
136,"PSU banks mobilise record fund of Rs 58,700 crore from markets in FY'21. ",2021-08-01,[[9.9999702e-01 1.9943511e-06 1.0111526e-06]]
137,"Deposit insurance: Urban cooperative banks major beneficiaries, shows data. ",2021-07-30,[[9.9995363e-01 3.9613665e-06 4.2450993e-05]]
138,"SBI inches towards record high ahead of Q1 results; stock up 3%. Union Bank of India Q1 standalone net profit zooms to Rs 1,181 crore. ",2021-07-29,[[8.5844862e-05 9.9991381e-01 3.0730985e-07]]
139,HDFC enhances existing limit to borrow via medium-term bonds up to $2.8 bn. ,2021-07-28,[[9.9956793e-01 4.1266379e-04 1.9425632e-05]]
140,Statsguru: Performance and challenges of co-operative sector in India. ,2021-07-26,[[1.5021315e-03 1.1514408e-05 9.9848628e-01]]
141,Banker's Trust: Tamal Bandyopadhyay on the facts and fiction of Mudra loans. ,2021-07-25,[[9.9973196e-01 4.3523448e-07 2.6752197e-04]]
142,"RBI eases norms for loans given by banks to directors of other banks. Federal Bank posts 13% decline in net profit to Rs 356.8 cr for Jun quarter. Covid-19 wave intensifies pressure points for small, mini non-banks: Report. ",2021-07-23,[[1.9832573e-06 5.7654279e-06 9.9999225e-01]]
143,RBI clarifies IDFC can exit bank as a promoter as lock-in period ends. ,2021-07-21,[[9.9995911e-01 1.8654018e-05 2.2330451e-05]]
144,Hope to get buyer for consumer biz by Q4: Citi India CEO Ashu Khullar. We helped shrink the working capital cycle: CredAble's Nirav Choksi. HDFC Bank dips 3% as June quarter results miss Street estimates. ,2021-07-19,[[9.2267719e-08 1.1942601e-06 9.9999869e-01]]
145,"Bank nationalisation: 52 years and ticking. Think digital, think detail to drive growth. HDFC Bank writes off Rs 3,100-crore NPAs in the April-June quarter. ",2021-07-18,[[0.72216624 0.27602834 0.00180549]]
146,"Reduction in NPAs for PSBs due to write-offs at Rs 1,31,894 cr in FY21: RTI. ",2021-07-16,[[9.7710550e-01 8.9034654e-04 2.2004120e-02]]
147,External benchmark system improves monetary transmission: RBI Article. Physical bank branches will continue to play key role in rural areas. ,2021-07-15,[[4.1620247e-03 9.9583650e-01 1.4471393e-06]]
148,Banks may encounter legal hurdles in invoking personal guarantees. Bigâ€ˆbanks expand share in corporate lending amid pandemic stress. RBI proposes tweaks to capital-raising guidelines for urban co-op banks. ,2021-07-14,[[9.9690080e-01 2.2024333e-03 8.9680043e-04]]
149,"Credit card buys seen 8% lower in Apr-June quarter, say analysts. ",2021-07-13,[[3.3587604e-04 1.8418174e-05 9.9964571e-01]]
150,"Pandemic helped all banks in improving digital transactions: CSB Bank CEO. Banks explore option of invoking personal guarantee of promoters, says SC. ",2021-07-12,[[2.8619173e-01 7.1375066e-01 5.7638677e-05]]
151,"Correction in bank stocks offers a good entry point: Gautam Duggad, MOFSL. Deutsche Bank India branches report 48% jump in net profit in FY21. ",2021-07-08,[[1.2103500e-07 9.9999988e-01 1.2107245e-08]]
152,Understanding the Riemann Hypothesis: Why it's a high-stakes puzzle. ,2021-07-07,[[0.04299851 0.9460908  0.01091059]]
153,Private banks' loan books shrink in Q1 amid second wave of Covid-19. ,2021-07-06,[[0.02472925 0.02235988 0.9529109 ]]
154,"Yes Bank's loans, advances shrink marginally at Rs 1.63 trn by end of June. IndusInd Bank's net advances jump to Rs 2.11 trn at end of June 2021. Despite massive jump in M&As, IPOs, i-banking fees dip 10% to $438 mn in H1. ",2021-07-05,[[0.05232752 0.7760636  0.17160897]]
155,Reserve Bank of India imposes Rs 25 lakh penalty on Punjab & Sind Bank. ,2021-07-03,[[9.7778404e-01 3.3815646e-05 2.2182170e-02]]
156,Alibaba founders pledge shares for loans from global banks: Report. ,2021-07-02,[[9.9999630e-01 1.9336105e-07 3.4788843e-06]]
157,Some stability returns. Broad categories register 'medium' risks for financial system: RBI survey. ,2021-07-01,[[0.40215978 0.0013399  0.59650034]]
158,"Banks not in a hurry to hike interest rates on deposits despite price rise. Personal loan offtake rose in fiscal year 2021, industrial loans contracts. Wilful defaults fall marginally in pandemic-hit FY21: TransUnion CIBIL data. ",2021-06-30,[[0.69574296 0.01367378 0.29058322]]
159,Cabinet may soon clear proposal for govt guarantee to bad bank. Private sector banks' share in loans rises to 36.5% in FY21. ,2021-06-29,[[2.0097651e-01 7.9900801e-01 1.5457275e-05]]
160,Statsguru: What bank deposits data tells us about Covid disruption. ,2021-06-28,[[9.9951982e-01 7.8426939e-07 4.7931465e-04]]
161,"RBI sets rules for appointment of MDs, WTDs of urban cooperative banks. SBI ready to meet credit growth spike, expects loan book to grow 9% in FY22. ",2021-06-26,[[1.8949910e-05 9.9998105e-01 4.1928310e-08]]
162,"After a washed-out Q1, bankers hope to cash in on revival starting July. SBI better positioned to tackle any subsequent Covid-19 wave: Khara. ",2021-06-25,[[3.95546031e-08 1.00000000e+00 1.31969005e-08]]
163,India's bank credit-to-GDP ratio inches up to 56% in 2020: BIS data. ,2021-06-24,[[9.9992335e-01 7.2472991e-05 4.1685998e-06]]
164,"NARCL pegs its funding requirement at Rs 6,000 crore: Details here. Money is being thrown' at them but millennials don't want to be bankers. SBI may need to raise only up to Rs 9,000 crore in capital in FY22. ED attached assets more than money due to banks: Mehul Choksi's lawyer. ",2021-06-23,[[9.9998462e-01 2.7071528e-07 1.5198197e-05]]
165,Concealing material fact can lead to rejection. A new structure of financial regulation. ,2021-06-20,[[0.5817702  0.00126693 0.41696286]]
166,Cyber fraud helpline brings banks and police together: Here's how it works. State-owned UCO Bank looks to raise up to Rs 500 crore. ,2021-06-19,[[9.9619800e-01 3.7972126e-03 4.7606641e-06]]
167,Microfinance loan book grows 10% sequentially to Rs 2.53 trillion in Q4. ,2021-06-18,[[3.5184798e-06 9.9999642e-01 8.1922531e-09]]
168,"CBI books Ruchi Global, its directors for Rs 188 crore bank fraud. HDFC Bank says working with RBI for restarting banned services. SBI to sell two NPA accounts next month to recover dues of Rs 60 cr. ",2021-06-17,[[9.9892187e-01 1.8126887e-04 8.9685700e-04]]
169,Total haircut of 95.85% to all the creditors in Videocon resolution plan. ,2021-06-16,[[9.9996269e-01 5.9665001e-07 3.6769135e-05]]
170,"BoB to offer flexible working model to employees; focus on mobile banking. Canara Bank to be lead sponsor of bad bank, to pick up 12% stake. ",2021-06-15,[[9.996063e-01 3.881709e-04 5.606868e-06]]
171,Indian Overseas Bank fourth quarter profit rises over 2-folds to Rs 350 cr. ,2021-06-14,[[9.4545655e-08 9.9999988e-01 3.1273736e-08]]
172,"Not an expert': SC declines to pass order on loan moratorium amid Covid. Bank of India allots shares to govt for Rs 3,000 crore capital infusion. ",2021-06-11,[[9.9999404e-01 2.3123780e-06 3.6613749e-06]]
173,Global bank regulators plot toughest capital regulation for bitcoin. ,2021-06-10,[[4.5298363e-04 8.6455094e-04 9.9868244e-01]]
174,"India offers huge potential for digital challenger banks, says report. SBI-controlled RRBs see four-fold jump in net profit at Rs 1,004 cr in FY21. ",2021-06-09,[[8.950256e-09 1.000000e+00 2.544952e-09]]
175,Equities offer best risk-reward in current environment: Validus Wealth CIO. State-owned banks getting ready for privatisation may come out with VRS. Bank of Baroda to sell 46 NPA accounts to recover Rs 597 crore. ,2021-06-08,[[5.6620636e-05 9.9994147e-01 1.8692787e-06]]
176,"Expect Rs 6K-cr loans to be restructured: PNB MD & CEO Mallikarjuna Rao. With borrowers unable to service loans, shadow banks are in for more pain. Taxation of startup exits needs a revisit: 3one4 Capital's Pranav Pai. Hopeful to come out of PCA framework very soon, says UCO Bank MD. Reserve Bank imposes penalty on Bank of India, PNB totalling Rs 6 crore. ",2021-06-07,[[0.09505449 0.00091258 0.9040329 ]]
177,"Fund-rich banks unlikely to use RBI's special window of Rs 15,000 crore. Punjab National Bank eyes three-fold rise in profit in fiscal 2022. BoB board approves setting off losses against share premium account. ",2021-06-05,[[0.9003195  0.0959574  0.00372318]]
178,Bank of Baroda may repatriate some capital from overseas business. ,2021-06-04,[[9.9979419e-01 2.6728051e-06 2.0324266e-04]]
179,"Covid-19 pandemic: Banks' credit costs may rise to 2.4%, says S&P. India's IDBI Bank secures $239 mn debt judgment in UK High Court. ",2021-06-03,[[9.9489355e-01 4.8863729e-03 2.2014570e-04]]
180,"Mallya case: Banks' claim of Rs 6,200-cr loss not imaginary, says court. Bank officers' union proposes guards for unmanned ATMs to check frauds. ",2021-06-02,[[9.9961036e-01 3.8917529e-05 3.5071370e-04]]
181,Union Bank of India appoints A K Vinod as chief compliance officer. ,2021-06-01,[[9.9994123e-01 3.9590773e-06 5.4777309e-05]]
182,Bank of Baroda shares close nearly 4% lower after fourth quarter net loss. ,2021-05-31,[[4.3470132e-05 7.6131109e-05 9.9988043e-01]]
183,"RBI's new norms to help enhance audit quality, transparency: Experts. ",2021-05-30,[[9.1569353e-05 9.9990690e-01 1.5706097e-06]]
184,"Banks in better position to manage stress in second Covid-19 wave: RBI. Canara Bank gets board approval to raise up to Rs 9,000 cr in FY22. City Union Bank reports fourth quarter net profit at Rs 111.18 crore. Indian Bank posts net profit of Rs 1,709 crore for March quarter. Karur Vysya Bank fourth quarter net profit rises 23% to Rs 104 crore. Bank credit growth decelerates to 5.6% in March from 6.4% last year. City Union Bank reports net profit of Rs 111 cr in March quarter. UCO Bank aims 7-10% growth in FY22, allots shares to government. ",2021-05-28,[[4.3067663e-05 9.9992371e-01 3.3210610e-05]]
185,"Banks need to monitor asset quality, prepare for higher provisioning: RBI. UCO Bank Mar qtr net profit jumps about five-folds to Rs 80 crore. Suryoday Small Finance Bank reports 89% dip in profit to Rs 12 cr in FY21. UCO Bank gets board nod for Rs 3,000-cr equity capital raise in FY22. A warming planet is about to revolutionise how banks define risk. ",2021-05-27,[[0.05008118 0.9318493  0.01806949]]
186,Govt to seek approval from Cabinet to set up a land bank company. Karnataka Bank Q4 net profit rises 15% at Rs 31 cr; NII declines 13%. ,2021-05-26,[[6.6661516e-05 9.8520285e-01 1.4730511e-02]]
187,"RBI's new restructuring package for small borrowers: Will it work?. Canara Bank board meeting on Friday to consider capital raise for this fiscal. RBI issues guidelines for merging district central co-op banks with state ones. Punjab & Sind Bank shares close over 4% higher after Q4 profit. Bank credit grows by 6.02%; deposits up by 9.87%, RBI data shows. ",2021-05-24,[[1.3553177e-04 9.9986446e-01 4.0611180e-08]]
188,"SBI's March quarter showing impresses Street; stock jumps over 5%. South Indian Bank reports Rs 7 crore net profit in March quarter. State Bank of India Q4 profit up 80% at Rs 6,451 crore, beats estimates. ",2021-05-22,[[1.9562098e-08 1.0000000e+00 1.3063568e-08]]
189,Banks may transfer 80 large NPA accounts for resolution to National ARC. ,2021-05-20,[[9.9997878e-01 1.3238615e-07 2.1087970e-05]]
190,RBI asks PSBs to implement recently announced measures 'in right earnest'. ,2021-05-19,[[9.9993587e-01 1.2281884e-06 6.2919113e-05]]
191,"God's own patience: Meet Padmakumar Madhavan Nair, MD & CEO of NARCL. Mumbai Angels back cloud-based neobank Nemo with undisclosed funding amount. ",2021-05-14,[[9.9981147e-01 1.7475426e-04 1.3777022e-05]]
192,State Bank of India's Padmakumar M Nair named as CEO of proposed bad bank. Govt likely to drop plan to decriminalise cheque bounce offences. ,2021-05-12,[[9.8580581e-01 2.5972398e-04 1.3934517e-02]]
193,"With banks blindsided by Covid-19, incidence of fraud may well have gone up. Jose Kattoor named RBI Executive Director with effect from May 4. ",2021-05-10,[[9.9997032e-01 8.7792847e-07 2.8864306e-05]]
194,"MFIs, banks need to revisit micro-loan pricing: CreditAccess Grameen MD. Why Citibank is selling its consumer business in India. ",2021-05-09,[[9.9985635e-01 4.5377175e-07 1.4311848e-04]]
195,DCB Bank net profit rises 13% to Rs 78 crore in January-March quarter. ,2021-05-08,[[2.8541457e-08 1.0000000e+00 3.6866044e-09]]
196,"Bank credit shrinks by Rs 89,087 cr in April on second wave impact. ",2021-05-07,[[0.01148682 0.00130716 0.987206  ]]
197,Markets may be ignoring banks' NPA risk from second coronavirus wave. RBI's rescue act. ,2021-05-05,[[0.01700694 0.00258935 0.9804037 ]]
198,"Mphasis to set up nearshore centre near London, expects to invest GBP 25 mn. Covid-19 second wave: Clamour for packages for banks and NBFCs grows. RBL Bank Q4 net dives 34% as provisions on credit cards, MFI loans rise. RBL Bank net declines 34% in Q4 on higher provisions, drop in NII. ",2021-05-04,[[0.1380072  0.02864233 0.83335054]]
199,"Will try to keep interest rate benign for as long as possible: SBI chief. Reserve Bank to strengthen risk-based supervision of banks, NBFCs. ",2021-05-02,[[8.1891858e-04 9.9917632e-01 4.7541453e-06]]
200,State Bank of India reduces home loan interest rates to 6.7%. ,2021-05-01,[[9.9809891e-01 1.6675150e-03 2.3353599e-04]]
201,"YES Bank posts net loss of Rs 3,788 crore in Q4 as provisions rise. ",2021-04-30,[[1.1807767e-05 1.8567920e-05 9.9996960e-01]]
202,Bank of Maharashtra net profit jumps to Rs 165 cr in March quarter. ,2021-04-29,[[1.4164035e-06 9.9999845e-01 6.5189667e-08]]
203,Restructuring Deutsche Bank shows strongest quarter in seven years. Most bank CEOs have to hang up boots before 70 under latest RBI guidelines. ,2021-04-28,[[1.1923302e-06 9.9999785e-01 1.0016956e-06]]
204,"RBI fixes private bank MD, CEO tenures at 15 years; compliance by Oct 1. HSBC Q1 profit rises 79% as Covid vaccine rollout sparks cautious optimism. State Bank of India board to consider raising $2 billion through bonds. UBS, Nomura push global banks' Archegos losses beyond $10 billion. Tamilnad Mercantile Bank plans IPO of up to Rs 1,200 crore this fiscal. Markets maintain momentum for second straight day; bank stocks rally. Axis Bank beats Street estimates, posts net profit of Rs 2,677 crore in Q4. ",2021-04-27,[[3.5126888e-08 1.0000000e+00 4.3323247e-08]]
205,How falling prices may impact the quality of gold loans for banks. In the digital cross-hair: CTOs will have to be all-rounder for banks. SBI Card fourth quarter net doubles to Rs 175 cr; FY'21 profit drops 21 pc. Banking stocks fuel indices' steep jump amid retreat in US bond yields. ,2021-04-26,[[0.00418185 0.07116786 0.9246503 ]]
206,Payments banks' search for right business model. ,2021-04-25,[[9.996499e-01 5.830405e-05 2.918730e-04]]
207,JPMorgan admits it misjudged by backing breakaway European Super League. ,2021-04-23,[[9.9738210e-01 2.6627331e-06 2.6152912e-03]]
208,"After Citigroup, South Africa's FirstRand Bank to exit India after 12 years. Climate activists shatter 19 windows at HSBC HQ in London's Canary Wharf. ",2021-04-22,[[9.8950094e-01 1.6430409e-05 1.0482630e-02]]
209,Loan moratorium: Centre asks banks to foot 'interest on interest' bill. Private lender DCB purchases 9% stake in NBFC Techfino Capital. ,2021-04-21,[[9.9999428e-01 3.3969704e-06 2.4293636e-06]]
210,"A brief look at REPCO, the latest universal bank licence candidate. DBS to buy 13% stake in privately-held Chinese lender for $814 million. Father of banking reforms': Ex-RBI governor M Narasimham passes away at 94. ",2021-04-20,[[9.9800617e-01 2.1791784e-04 1.7758691e-03]]
211,Bank FDs in spotlight as returns of liquid funds hit two-decade low. A hale and hearty banking sector but.... ,2021-04-18,[[0.07467331 0.02462478 0.90070194]]
212,"Morgan Stanley profit blows past estimates, flags $900-mn loss on Archegos. ",2021-04-16,[[1.7097727e-05 3.3074775e-05 9.9994981e-01]]
213,"Q4 results preview: Quick economic recovery to aid banks' profits. Citigroup to exit retail banking operations in India, 12 other countries. Citigroup announces retail business exit from India, 12 other countries. Covid-19: Bank unions request finance ministry for steps to protect bankers. SBI refunds charges deducted from basic savings bank deposit accounts. ",2021-04-15,[[9.1455412e-01 8.5303284e-02 1.4263371e-04]]
214,"State Bank of India's latest target: Rs 4-trn SME loan book by March 2024. Remain watchful of evolving situation, push credit flows: RBI Guv to banks. ",2021-04-12,[[4.5030841e-01 3.7111552e-04 5.4932046e-01]]
215,"Privatisation of two public sector banks on meeting agenda next week. Hike in deposit limit: Payment banks likely to attract bigger clients. Second Covid-19 wave heightens risks for Indian banks, says Fitch. One-fourth of bank loans in FY21 given in last fortnight of year: RBI data. ",2021-04-09,[[0.9926595  0.00162951 0.00571108]]
216,"Monetary policy: Soon, you can withdraw cash from digital wallets. Payments banks can now hold max balance of Rs 2 lakh per customer. Dhanlaxmi Bank gross advances up over 4% by March; deposits rise over 7%. ",2021-04-08,[[3.2002681e-05 9.9996805e-01 3.0869636e-08]]
217,"Bankers hail RBI's dovish policy, welcome G-SAP, TLTRO, PSL measures. Bharti AXA Life, Fincare SFB join hands for bancassurance partnership. ",2021-04-07,[[9.9997115e-01 2.4654524e-05 4.1805442e-06]]
218,"Banks turn RBI's hot-money decision into lucrative trade strategy. Pay Rs 79-cr GST dues to operate bank accounts, HC tells ByteDance. ",2021-04-06,[[9.9997294e-01 6.5942904e-06 2.0457765e-05]]
219,"Banks sanctions Rs 25,586 cr to 114,322 Stand-Up India accounts in 5 years. IndusInd Bank: With the balance sheet stabilising, focus shifts to growth. ",2021-04-04,[[9.9984825e-01 8.8762434e-05 6.2913787e-05]]
220,"Individual loan business continues to improve in January-March: HDFC. Private lender Yes Bank targets startup sector, ties-up with GVFL. ",2021-04-03,[[1.3860146e-06 9.9999845e-01 7.6219237e-08]]
221,"Bank credit to medium-sized firms grows 21% in February, shows data. NBFCs seek easing of rules on NACH mandate cancellation. Karnataka Bank targets over Rs 1.42 trn business turnover in FY22. The forgotten case for bank nationalisation. China's financial regulators draft tougher rules for too-big-to-fail banks. ",2021-04-02,[[9.9772161e-01 2.9949477e-04 1.9788281e-03]]
222,"Laid strong base for growth, aiming at 13.5% CAGR by 2025: Indian Bank MD. HDFC increases rates on FD with different maturities up to 25 bps. ",2021-04-01,[[2.6226712e-07 9.9999976e-01 1.0862425e-09]]
223,"Trai meets bankers to iron out issues over new pesky SMS regulations. Under Modi regime, private banks outnumber PSBs on new rural branches. ",2021-03-31,[[9.9998748e-01 1.1229217e-06 1.1449860e-05]]
224,"Your auto payments for phone bills, OTT subscriptions may fail in April. HDFC Bank customers face difficulty in accessing net, mobile banking. Govt not interested in footing Rs 8,000-cr moratorium bill for banks. ",2021-03-30,[[1.7589863e-04 2.9195780e-06 9.9982125e-01]]
225,"Credit Suisse, Nomura tumble as banks tally exposure to Archegos damage. ",2021-03-29,[[2.3109430e-02 2.4632116e-05 9.7686601e-01]]
226,Financial services space set for disruption over next 10 years: Kamath. ,2021-03-27,[[5.473500e-03 7.561458e-07 9.945258e-01]]
227,"AU SFB has to pass asset quality test after raising funds: Analysts. State Bank of India, HDFC Bank, others yet to comply with scrubbing norms. ",2021-03-26,[[9.9978060e-01 1.7364900e-05 2.0200782e-04]]
228,Govt may seek details of interest on interest charged by banks. Bank of India to issue Basel III compliant bonds to raise up to Rs 750 cr. Loan moratorium case: NBFCs want govt to refund interest on deposits. ICICI Bank enables customers to break high-value transactions into EMIs. ,2021-03-24,[[9.9992573e-01 3.4046396e-05 4.0127252e-05]]
229,"Transferring bad debt to ARC at book value just window dressing: Experts. Loan moratorium: SC ruling clears overhang for banks, sets path for action. RBI defers limits on non-centrally cleared derivative exposures for banks. ",2021-03-23,[[0.4718274  0.00289065 0.5252819 ]]
230,Loan moratorium: Supreme Court to pronounce verdict today. ,2021-03-22,[[9.9304527e-01 1.8868297e-04 6.7660054e-03]]
231,"Suryoday Small Finance Bank initial public offer subscribed 2.37 times. Dow, S&P 500 drop as bank stocks slump after capital buffer relief expires. ",2021-03-19,[[2.8441485e-04 4.8301531e-06 9.9971074e-01]]
232,"AT1 cloud likely to hit banks' capital-raising plans, say experts. Suryoday Small Finance Bank initial public offer subscribed 42% on day 1. Punjab National Bank sets-up subsidiary to manage credit card business. ",2021-03-17,[[9.9998140e-01 1.3703226e-05 4.9462715e-06]]
233,Credit Suisse flags possible charge from Greensill fallout. RBI strengthening institutional mechanism to prevent bank frauds: FM. Banking services disrupted across Maharashtra on Day 2 of nationwide strike. ,2021-03-16,[[0.09766802 0.00691255 0.8954194 ]]
234,"Don't compare us with legacy banks: Aeldra Financial's Sukeert Shanker. PSB bank services hit in Bengal as unions protest against privatisation. Nationwide bank strike: Cheques worth Rs 16,500 crore stuck. Banking services hit in Punjab, Haryana as unions protest privatisation. Cheque clearing to be done at all bank branches by September 30. ",2021-03-15,[[9.9864012e-01 6.1168481e-05 1.2987121e-03]]
235,"Bank operations may be hit on Mon, Tue due to nationwide unions' strike. ",2021-03-14,[[7.1663999e-05 9.4246286e-07 9.9992740e-01]]
236,Emerging markets bank support robust despite resolution regimes: Fitch. ,2021-03-13,[[7.4251828e-04 9.9925679e-01 7.2722224e-07]]
237,Government-owned bad bank is more capital efficient: Report. Bank privatisation as an experiment. ,2021-03-11,[[1.5234569e-03 9.9843222e-01 4.4256594e-05]]
238,"After outage, Trai puts on hold regulation on pesky SMS for one week. ",2021-03-10,[[9.998660e-01 6.657961e-06 1.273301e-04]]
239,"Expect moderately worse banking sector outlook for next fiscal: Fitch. Lenders 'can't be asleep', must suffer compensation cut for bad loans: CEA. 5 of 12 large NPAs complete transfer of management control. ",2021-03-09,[[0.13237713 0.06051961 0.8071032 ]]
240,Citigroup needs a new strategy for its lagging Asian consumer banks. Citigroup sees the days of traders slamming phones coming to an end. Indian banks' modest recovery faces challenges from Covid-19 stress: Fitch. ,2021-03-08,[[1.2446534e-04 1.0636509e-05 9.9986494e-01]]
241,"Amalgamation has led to all-round gains for merged entity: Indian Bank MD. Data sharing, cybersecurity top concerns for banks, customers: Deloitte. ",2021-03-07,[[3.5552264e-05 9.9968362e-01 2.8090610e-04]]
242,"Indian Bank to divest stake in asset reconstruction JV ASREC India. Naureen Hassan becomes first VP, COO of Federal Reserve Bank of New York. ",2021-03-06,[[9.9998534e-01 6.6121747e-06 8.0868713e-06]]
243,Axis Bank partners WhatsApp to offer basic banking services. State-run banks likely to see bad loan additions moderate: Morgan Stanley. Administrative success but executive failure. ,2021-03-04,[[6.290317e-05 9.990382e-01 8.988985e-04]]
244,"Mortgage lender HDFC to raise up to Rs 5,000 crore through bonds. ",2021-03-03,[[9.99969840e-01 1.77733818e-05 1.23391665e-05]]
245,UK banks face savings glut on road to Covid-19 pandemic recovery. IDBI Bank likely to take call on additional tier-1 bonds post-PCA exit. ,2021-03-02,[[0.8095044  0.08183493 0.10866078]]
246,"Citibank likely to hive off consumer banking business in India. IDBI Bank to set off accumulated losses worth Rs 45,586-crore. ",2021-03-01,[[9.9839526e-01 8.7106739e-05 1.5176220e-03]]
247,"PM harps on trust and transparency for depositors, investors in fin sector. Indian banks' loans rose 6.6% in two weeks to Feb 12: RBI data. ",2021-02-26,[[9.8846775e-01 1.1355785e-02 1.7643251e-04]]
248,Centre lifts embargo on grant of govt businesses to private banks. Proposed ARC will not 'jeopardise' existing players: RBI governor. ,2021-02-25,[[9.9402076e-01 5.0078975e-03 9.7136333e-04]]
249,"India's economic recovery to cut bank stress, but Covid hit to be felt: S&P. ",2021-02-24,[[0.00915788 0.98525465 0.00558744]]
250,Federal Bank aims 'mid-teen' growth in credit for fiscal 2022. HSBC's India pretax profit in 2020 inches up to $1.02 billion. Top banks asked to justify why they still clear euro swaps in London. ,2021-02-23,[[7.1433815e-03 9.9284863e-01 7.8882440e-06]]
251,"Unsecured loans come back to haunt private banks after 13-year gap. HSBC to announce exit from US retail banking, reshuffles top jobs. ",2021-02-22,[[9.9996066e-01 7.5992680e-06 3.1651602e-05]]
252,SBI Payments to launch YONO Merchant app for low-cost payments. ,2021-02-20,[[9.3967748e-01 6.0217060e-02 1.0536641e-04]]
253,Bank unions plan march towards Parliament in Mar to protest privatisation. 80% Indian corporate banks to leverage Cloud by 2024: Report. SC gives RBI six months to lay down regulations for locker facility. Karnataka Bank reports Rs 34.16-crore fraud to Reserve Bank of India. ,2021-02-19,[[9.9992037e-01 1.9820118e-05 5.9794351e-05]]
254,"IndusInd Bank gets Rs 2,021 crore capital boost from promoters. Ranbaxy-Daiichi case: SC asks lenders to place loan records of promoters. IDFC First Bank gets board approval for Rs 3,000 crore fund mop-up. ",2021-02-18,[[9.9951208e-01 4.7666952e-04 1.1192993e-05]]
255,"Government to infuse Rs 1,500 crore into Exim Bank next fiscal. Billionaire Hinduja family pays 61% premium to boost IndusInd stake. ",2021-02-17,[[9.9898845e-01 1.0083120e-03 3.2235405e-06]]
256,Govt to bring amendments to two Acts to enable privatisation of PSU banks. ICICI to buy over 9% stake in fintech startup Thillais Analytical Solutions. ,2021-02-16,[[9.9298978e-01 6.9928244e-03 1.7412884e-05]]
257,"BS Technology Round Table: Covid-19 pandemic sends digital payments soaring. We are a digitally relevant, contemporary franchise: Federal Bank CEO. How did a five-member external jury select the BS Banker of the Year?. Financing the recovery: Are banks in a position to partner India Inc?. Reserve Bank of India forms expert panel for urban co-operative banks. Indian Bank integrates core banking software of erstwhile Allahabad Bank. ",2021-02-15,[[9.9999535e-01 3.9102401e-06 7.0170887e-07]]
258,Only banks can provide retail push to G-Secs. ,2021-02-14,[[9.9997866e-01 2.4477999e-06 1.8888715e-05]]
259,Decoded: What are pro forma NPAs and how does that impact borrowers?. ,2021-02-13,[[9.9990714e-01 1.0772129e-05 8.2180719e-05]]
260,YES Bank will stay away from large corporate borrowers: CEO Prashant Kumar. Economic recovery lowers risk of PSBs' asset quality deterioration: Moody's. ,2021-02-11,[[5.2940933e-04 9.7563744e-01 2.3833128e-02]]
261,"Complaints against banks and mobile banking to RBI soar: Report. Pre-pack scheme for insolvency banks on fair debtor-creditor ties. With worst behind, DBS gets ready for what comes next, normalcy or not. Bank of India Q3 net profit jumps over five-fold to Rs 540.72 cr. ",2021-02-10,[[2.0645818e-07 9.9999952e-01 2.8379853e-07]]
262,Central Bank of India third quarter net profit up 6.5% at Rs 165 crore. Indian Overseas Bank posts net profit of Rs 213 crore in December quarter. Dhanlaxmi Bank net profit plunges 44.5% to Rs 12 crore in December qtr. ,2021-02-09,[[8.8801071e-06 1.9935476e-05 9.9997115e-01]]
263,"The what, why & how of bank privatisation. ",2021-02-07,[[9.9985957e-01 1.5426214e-05 1.2503048e-04]]
264,"Punjab National Bank to raise Rs 3,200 cr from share sale this quarter. PNB receives loan rejig requests of only Rs 12,000 crore, says PNB MD. Punjab & Sind Bank loss zooms to Rs 2,375 cr in Q3 as provisions spike. ",2021-02-06,[[0.4139709  0.05397818 0.53205097]]
265,"ICICI Bank, MUFG Bank tie up for serving Japanese firms operating in India. Govt support for bank borrowers softened rise in bad loans: Moody's. ",2021-02-05,[[1.6677970e-04 1.5776634e-05 9.9981743e-01]]
266,Banks to seek leeway from RBI for new asset reconstruction company. Option to remain a large NBFC 'very much on the table': HDFC group CEO. ,2021-02-04,[[9.9999404e-01 3.2690527e-06 2.7530677e-06]]
267,"Budget 2021: Bad bank will be a win-win for lenders, says Debasish Panda. RBI makes risk-based internal audit mandatory for select NBFCs, UCBs. ",2021-02-03,[[1.8054101e-07 9.9999964e-01 6.3923743e-08]]
268,Germany lays out reform of banking watchdog after Wirecard fraud. Nifty Bank index buoyant as long-standing demands are met in Budget. ,2021-02-02,[[3.6798906e-07 9.9999964e-01 3.2502545e-08]]
269,Budget 2021: All eyes will be on the package FM unveils for state-run banks. Budget 2021 lays out road map for overhaul of state-run companies. What about the Bank Investment Company in Sitharaman's Budget 2021?. ,2021-02-01,[[9.9999940e-01 1.6222404e-07 5.2446330e-07]]
270,"Union Bank of India net profit falls 37% to Rs 727 crore in Dec quarter. ICICI Bank's Q3 net profit increases 17% to Rs 5,498 crore. ICICI Bank third quarter net profit jumps 19% to Rs 4,940 crore. ",2021-01-30,[[7.3277491e-08 9.9999988e-01 3.4761243e-08]]
271,"To avoid zombie lending, banks need fully empowered boards: Eco Survey. ",2021-01-29,[[9.9990952e-01 4.5955556e-05 4.4465003e-05]]
272,RBI says it will charge banks if they do not improve customer grievance. State Bank of India asset quality remains healthy: Chairman Khara. LIC-owned IDBI Bank posts Q3 net profit of Rs 378 crore as NII grows. IDBI Bank shares gain over 2% after third quarter earnings. ,2021-01-28,[[1.3267623e-07 9.9999988e-01 4.2959869e-08]]
273,"Bank of Baroda clocks Rs 1K-cr profit, warns of stress in retail, SME loans. ",2021-01-27,[[9.7205800e-01 1.4249699e-05 2.7927777e-02]]
274,"UCO Bank logs net profit at Rs 35 cr in Q3, stock closes 1.55% higher. RBI open to digital currency, examining the need to introduce CBDC. Dhanlaxmi Bank Board approves appointment of Shivan as MD and CEO. Agri-NBFCs seek parity with banks, want inclusion in govt subsidy schemes. ",2021-01-26,[[9.9998295e-01 1.5287340e-05 1.8341963e-06]]
275,May need to reverse Rs 800 cr in interest income: YES Bank's Prashant Kumar. Union Bank completes IT integration of all Andhra Bank branches with itself. Yes Bank: ED raids Mumbai builder group in money laundering case. ,2021-01-25,[[9.9999273e-01 3.0826652e-06 4.1821336e-06]]
276,Can we bank on the Budget?. Fraud in fintech being fought with regulatory tech. Strengthening regulation. ,2021-01-24,[[1.9096287e-05 9.9997115e-01 9.8287819e-06]]
277,"IDBI Bank takes prompt corrective action; all eyes now on Q3 results. PMC Bank case: Enforcement Directorate searches 5 locations in Mumbai. HDFC Bank submits action plan to RBI, hopes to fix outage issue in 3 months. Indian Bank gets board approval to raise Rs 4,000 cr from share sale. ",2021-01-22,[[9.7559798e-01 2.4388116e-02 1.3992737e-05]]
278,Federal Bank Q3 profit falls 8% to Rs 404 crore on higher provisioning. Sebi penalises HDFC Bank for wrongly invoking pledge of securities. Punjab & Sind Bank reports fraud of Rs 94 crore in NPA account. ,2021-01-21,[[4.4654854e-04 1.6296093e-05 9.9953723e-01]]
279,Federal Bank third quarter profit declines 8% to Rs 404 crore. ,2021-01-20,[[2.2174365e-07 3.4630684e-06 9.9999630e-01]]
280,"Short-term interest rates increase 25-30 basis points, shows data. The zero MDR has affected the PoS business: Worldline's Deepak Chandnani. Citi India elevates Arjun Chowdhry as head of its consumer banking biz. ",2021-01-18,[[9.9886203e-01 7.2667157e-05 1.0653212e-03]]
281,"Immobilise unregistered digital lending apps. Banking: Yesterday, today and tomorrow. ",2021-01-17,[[9.9716598e-01 2.8026709e-03 3.1382126e-05]]
282,"RBI likely to propose stricter regulations for shadow banks: Report. HDFC Bank third quarter net profit rises 14.36% to Rs 8,760 crore. HDFC Bank's Q3 net profit surges 18% on growth in net interest income. ",2021-01-16,[[5.0784927e-09 1.0000000e+00 4.8270206e-09]]
283,"Bank credit growth rises to 6.6% in fortnight to January 1, shows data. Best of BS Opinion: Banking revival in 2021, govt's push for DFIs & more. JPMorgan profit jumps 42% on reserve release, investment banking strength. Citigroup quarterly profit beats estimates as loan loss provisions slow. Wells Fargo records rare profit beat helped by stabilising credit costs. ",2021-01-15,[[2.5229614e-09 1.0000000e+00 4.1036619e-09]]
284,Capitalisation worries for banks to get bigger: Financial stability report. Banks' gross NPAs may rise to 13.5% by Sept: Financial stability report. Top MFI bodies plan to move Supreme Court over Assam's micro-loan Bill. Morgan Stanley names new country head in India promotion spree. ,2021-01-12,[[9.9670756e-01 3.2271140e-03 6.5339802e-05]]
285,"NPA classification period likely to get 30-day extension as bad loans mount. Statsguru: Recovery uneven, but upturns expected in banking, construction. Indian banks' bad loans may rise significantly: Financial stability report. ",2021-01-11,[[0.00295433 0.27368224 0.7233634 ]]
286,NPA estimates: Street's optimism at odds with the RBI's pessimism. Listed commercial banks may post 5.5% rise in third quarter net profit. ,2021-01-10,[[4.7016132e-07 9.9999952e-01 5.6554164e-08]]
287,"Firms likely to raise $5 billion through dollar bond sales in January. Best of BS Opinion: Banking's game of pretend, Japanese biz custom & more. ",2021-01-09,[[9.2487605e-03 9.9073011e-01 2.1142738e-05]]
288,Banking's game of pretend: It's time we recognised the fate of govt banks. ,2021-01-08,[[9.9970490e-01 2.7781123e-06 2.9236547e-04]]
289,"Pvt banks report healthy deposit accretions, sluggish advances growth in Q3. ",2021-01-06,[[6.6122958e-08 9.9999988e-01 3.7323186e-08]]
290,"Bank Investment Company may be approved in upcoming Budget, finally. Faced with high growth in traffic, banks to ramp up digital capabilities. ",2021-01-04,[[2.9621002e-01 1.9877643e-04 7.0359117e-01]]
291,Banking in 2021 --Winning beyond Covid. ,2021-01-03,[[7.261120e-04 9.992729e-01 9.759133e-07]]
292,Bank credit growth slows in Q2; personal loans maintain double-digit growth. ,2021-01-01,[[1.0178853e-05 2.0544921e-04 9.9978441e-01]]
293,"With RBI harping on increased supervision, frauds decline in banking system. ",2020-12-31,[[3.3091426e-06 4.5404872e-06 9.9999213e-01]]
294,"From loan moratorium to digitisation, 2020 saw major shifts in banking. Fintechs may pose a challenge to banking sector over the next few years. Yes Bank elevates Niranjan Banodkar as CFO, Adlakha as HR head. Union Bank gets shareholder approval to raise up to Rs 6,800 crore. ",2020-12-30,[[0.27549505 0.00410591 0.720399  ]]
295,HDFC Bank may appoint new chairman in Jan as Gopinath's tenure set to end. Banks need to gear up to meet new challenges to combat Covid-19: RBI. Bank asset quality may see sharp deterioration post-moratorium: RBI. ,2020-12-29,[[3.4187051e-05 4.7987182e-06 9.9996102e-01]]
296,"Innovation, Umbrella apps to drive digital banking in new decade. ",2020-12-28,[[3.6081517e-05 9.9996364e-01 1.8841294e-07]]
297,Bank liable for fraudulent card transactions. ,2020-12-27,[[0.05996612 0.00220129 0.9378326 ]]
298,IDBI Bank stake sale in limbo as govt faces legal hurdles in exit. ,2020-12-25,[[2.251315e-03 4.944525e-05 9.976992e-01]]
299,"Public sector banks to raise Rs 25,000 crore in three months: DFS Secretary. ",2020-12-20,[[9.9999237e-01 4.8289203e-06 2.7397396e-06]]
300,Retail loans may rise as banks go slow on big-ticket corporate debt. ,2020-12-14,[[0.43664712 0.02301602 0.5403368 ]]
301,NBFCs may lose 1% market share to private banks by FY22: CRISIL report. ,2020-12-12,[[5.1524568e-01 1.9820662e-05 4.8473448e-01]]
302,ATM moment of banking services is here as lenders make apps open for all. ,2020-12-11,[[9.9999762e-01 1.3351284e-06 1.0588370e-06]]
303,Indian banks risk Rs 12-trn hit till 2024 from Covid-19: McKinsey. ,2020-12-10,[[9.9579155e-01 2.8197345e-04 3.9265077e-03]]
304,"Best of BS Opinion: India's IAS officers, companies owning banks and more. Barclays India scales down exposure to banks to Rs 3,090 cr in FY21. ",2020-12-07,[[9.9963474e-01 2.0990791e-04 1.5541863e-04]]
305,"Maintain derivatives records for at least 2 years, RBI asks banks. ",2020-12-06,[[9.9999440e-01 4.2274232e-07 5.0872941e-06]]
306,We intervene in banks in the interests of depositors: RBI's Shaktikanta Das. ,2020-12-05,[[9.9997520e-01 1.5349358e-06 2.3253187e-05]]
307,"Bank lending, deposit rates have bottomed out: SBI chief Dinesh Khara. Wherever we've seen unlocking, we've seen a revival in demand: SBI Chairman. ",2020-12-03,[[5.8780253e-05 9.9992406e-01 1.7222708e-05]]
308,"ICICI Bank, Indian Bank at risk of becoming 'fallen angels', warns S&P. ",2020-12-02,[[6.1493975e-01 7.8655994e-06 3.8505238e-01]]
309,Banks expecting good response as bidders to decide RCap's fate today. ,2020-12-01,[[8.7084336e-05 9.9991250e-01 3.1480235e-07]]
310,"Banks fear HTM hit, investment limits with repayment under TLTRO. Union Bank of India plans to raise up to Rs 6,800 cr to fund biz growth. HDFC Bank m-cap surges past Rs 8-trillion mark; stock jumps 1.76%. ",2020-11-25,[[7.5363065e-04 9.9924147e-01 4.8988936e-06]]
311,"Banks' collection efficiency may not sustain, says rating agency S&P. ",2020-11-24,[[3.6682536e-06 2.1876003e-06 9.9999416e-01]]
312,RBI internal working group for bank licence to large corporate houses. RBI panel bats for continuation of NOFHC as preferred structure for banks. ,2020-11-20,[[9.999995e-01 5.793121e-08 5.206153e-07]]
313,"Tamilnad Mercantile Bank H1 profit up 60% to Rs 242 cr, GNPAs drop 25%. Banks lend over Rs 65,000 crore to commercial sector in a fortnight. ",2020-11-19,[[1.0004475e-03 9.9874371e-01 2.5588693e-04]]
314,DBS faces potential culture clash as it takes over Lakshmi Vilas Bank. ,2020-11-18,[[6.7899115e-03 2.6600655e-05 9.9318343e-01]]
315,India Inc gains despite Covid-19 disruptions; combined profit at Rs 1.5 trn. ,2020-11-17,[[3.9521445e-05 9.9995518e-01 5.3001340e-06]]
316,Swiss banking major UBS appoints Uday Odedra as new country head for India. ,2020-11-09,[[9.9998987e-01 4.4579440e-07 9.6481735e-06]]
317,Reserve Bank again postpones submission of TLTRO reversal requests. ,2020-11-07,[[8.2872468e-01 7.9240584e-05 1.7119615e-01]]
318,"The post-lockdown scars. Credit Suisse cuts stance on IT, healthcare; turns bullish on banks. ",2020-11-03,[[7.4324547e-05 9.9963987e-01 2.8573224e-04]]
319,"Banks told to credit 'interest on interest' to borrowers, RBI tells SC. ",2020-11-01,[[9.9999034e-01 8.4225042e-07 8.7664885e-06]]
320,"Best of BS Opinion: J&K 'integral' reforms, insolvency process, and more. ",2020-10-30,[[0.32024962 0.67402834 0.0057221 ]]
321,Canara Bank posts 28% fall in net profit at Rs 444 crore for Sept quarter. ,2020-10-29,[[3.6282565e-06 3.3540098e-07 9.9999607e-01]]
322,"State Bank of India raises $1 billion from JBIC, other Japanese lenders. ",2020-10-28,[[9.9999559e-01 1.9043113e-06 2.4707933e-06]]
323,HDFC Bank under Aditya Puri: From a start-up to an industry leader. ,2020-10-27,[[3.6953488e-06 9.9999297e-01 3.3895424e-06]]
324,Looking at the canary: Do SBI Cards' bad loans have a deeper meaning?. ,2020-10-23,[[9.9976307e-01 2.0644185e-05 2.1628723e-04]]
325,"Indian Bank posts Rs 412 cr net profit in Q2 on fee income, lower bad loans. UCO Bank reports Rs 30-crore net profit in Q2, brings down bad loans. ",2020-10-22,[[0.9599586  0.01334935 0.02669213]]
326,Bank of Maharashtra Q2 profit up 13% to Rs 130 cr on higher interest income. India must not neglect bank recap despite pandemic: Viral Acharya. ,2020-10-19,[[1.6915905e-06 9.9999642e-01 1.9667887e-06]]
327,"Next set of asset quality woes for lenders to come from MSME segment. Westpac Banking to cut more than 150 jobs as bank exits China, India. ",2020-10-14,[[5.4022826e-07 8.5722490e-08 9.9999940e-01]]
328,"SBI biz at 80% of pre-Covid level, says new chairman Dinesh Kumar Khara. ",2020-10-08,[[9.9996531e-01 3.4808838e-06 3.1270229e-05]]
329,"Govt appoints Dinesh Kumar Khara as SBI chairman for three years. We can quickly come back to pre-Covid levels, says SBI's Rajnish Kumar. ",2020-10-07,[[9.9972731e-01 1.6565249e-05 2.5607785e-04]]
330,How faster deposit growth could become counterproductive for banks. ,2020-10-05,[[0.37216654 0.5837965  0.04403695]]
331,"Make officials well-versed in local languages, FM Sitharaman tells banks. ",2020-10-02,[[0.78875965 0.20505548 0.00618488]]
332,"After LVB, Dhanlaxmi Bank shareholders oust chief executive Sunil Gurbaxani. ",2020-10-01,[[9.9999344e-01 1.8881448e-07 6.3136999e-06]]
333,SBI relocates financial inclusion to Delhi for better synergy with govt. ,2020-09-25,[[9.9809557e-01 1.8927262e-03 1.1665797e-05]]
334,"Covid-19: Indian banking system to be among the last to recover, says S&P. India Ratings maintains negative outlook on NBFCs, HFCs for H2 FY21. Russia's Sberbank enters tech space; to compete with Google, FB, Amazon. ",2020-09-24,[[6.2321965e-07 1.8185716e-06 9.9999762e-01]]
335,Big banks let $2 trn in illicit funds move around world: FinCEN Files. ,2020-09-22,[[9.9999845e-01 4.4825526e-08 1.5737569e-06]]
336,"Ind-Ra cuts banking outlook to negative on rising NPA, credit cost. India Ratings gives 'negative' outlook for banking sector in H2FY21. ",2020-09-18,[[3.8546625e-07 1.0064843e-05 9.9998951e-01]]
337,"As Covid ravages India, NBFCs ride out the storm with help of stimulus. YES Bank: Why investors should not be taken in by rating upgrades. ",2020-09-16,[[0.83051884 0.1662355  0.00324571]]
338,"Huge liquidity surplus unlikely to be inflationary, say economists. Deja vu on DFIs. ",2020-09-15,[[0.2021486  0.00202474 0.7958266 ]]
339,"NBFCs need access to credit history like banks, says Gunit Chadha. ",2020-09-14,[[9.9987376e-01 2.2330535e-06 1.2400626e-04]]
340,Loan restructuring: This time is different. ,2020-09-11,[[9.9992490e-01 1.0183603e-05 6.4917716e-05]]
341,Australian banks ask for loan repayments after six-month virus grace period. ,2020-09-07,[[9.9999237e-01 1.7430453e-07 7.5060238e-06]]
342,Moratorium on loan repayment shouldn't be at the cost of economic recovery. Emerging market central banks deliver 19th month of interest rate cuts. Start-up loans of up to Rs 50 cr under priority sector as RBI revises norms. ,2020-09-04,[[0.93015814 0.06610695 0.00373485]]
343,Banks need to overhaul anti-money laundering mechanism: Deloitte Report. ,2020-08-27,[[9.8014861e-01 3.3032065e-04 1.9521091e-02]]
344,"Banking system has to be liberated from risk aversion mode, says RBI. ",2020-08-25,[[9.998498e-01 1.667338e-05 1.334758e-04]]
345,"Governance more important than ownership of banks, says SBI chairman. ",2020-08-24,[[9.9993479e-01 4.7401390e-05 1.7801392e-05]]
346,"PNB net profit plunges to Rs 308 cr in June qtr, income at Rs 24,292.8 cr. ",2020-08-21,[[5.8970918e-06 1.1048799e-06 9.9999297e-01]]
347,Govt keen to speed up stake sale in four PSU banks this fiscal: Report. ,2020-08-18,[[9.9999082e-01 6.2167360e-06 2.9374237e-06]]
348,We must 'Make for the world' as we 'Make in India': PM Modi in I-Day speech. ,2020-08-15,[[9.9985528e-01 5.1937637e-05 9.2683549e-05]]
349,Covid-19 impact: Bank credit growth moderates further to 5.5% by July-end. ,2020-08-14,[[0.01064303 0.9798686  0.00948846]]
350,Covid-19 impact: HSBC warns loan losses could hit $13 bn as profit dips 65%. ,2020-08-03,[[4.4743015e-04 4.0735523e-04 9.9914515e-01]]
351,Covid provisioning knocks off 27% of private banks' profit in Q1. ,2020-07-29,[[2.3706626e-04 9.0101370e-05 9.9967289e-01]]
352,"IDBI Bank posts Q1 PBT of Rs 438 cr against Rs 5,381 cr loss a year ago. IndusInd Bank Q1 net profit falls 68% to Rs 461 cr on higher provisioning. YES Bank's PBT falls to Rs 60 crore in June quarter, NII dips 16.3%. ",2020-07-28,[[2.4566336e-05 1.7069933e-05 9.9995840e-01]]
353,Capital crunch. ,2020-07-26,[[0.08725016 0.00765267 0.9050972 ]]
354,Banks need to be recapitalised as moratorium ends on Aug 31: SBI report. ,2020-07-22,[[9.9999595e-01 7.0604806e-08 3.9123797e-06]]
355,"HDFC Bank net profit up 20% in April-June, provisions increase by 49%. ",2020-07-18,[[2.3405844e-08 1.0000000e+00 4.2854853e-09]]
356,Investors should not be gung-ho about banks' Q1 headline numbers: Analysts. ,2020-07-06,[[9.9989355e-01 1.9069908e-07 1.0617764e-04]]
357,"Indian banks may face asset quality, earning pressure for 2 years: Fitch. ",2020-07-01,[[8.9445365e-07 3.1472746e-07 9.9999881e-01]]
358,S&P downgrades Axis Bank's issuer rating over risks to Indian banking. ,2020-06-26,[[3.1431348e-04 4.5116878e-05 9.9964058e-01]]
359,Bank credit growth in FY21 to hit multi-decade low of 0-1%: CRISIL. ,2020-06-08,[[0.01107405 0.3146874  0.6742385 ]]
360,Federal Bank's Q4 PBT declines 32% over provisions for Covid-19 pandemic. ,2020-05-28,[[3.1011812e-06 3.7672633e-06 9.9999309e-01]]
361,"Liquidity, labour and logistics are the key challenges: JSW Steel's Rao. ",2020-05-25,[[4.7339590e-06 1.8378242e-06 9.9999344e-01]]
362,Covid-19 crisis: Warren Buffett cuts crisis-era bet on Goldman Sachs. ,2020-05-20,[[0.9838648  0.01297301 0.00316231]]
363,"All for liquidity: Watch every rupee, chase dues, and refinance debt. ",2020-05-18,[[9.9997425e-01 1.1293685e-05 1.4450106e-05]]
364,"Differentiated bank holdco norms on cards; Bandhan, IDFC First may benefit. ",2020-05-12,[[1.5837276e-08 1.0000000e+00 6.0861991e-09]]
365,"Not offering any emergency loan through YONO platform, clarifies SBI. Covid-19 impact on sectors: A two-quarter wait before growth picks up. ",2020-05-10,[[0.9381748  0.01694114 0.04488403]]
366,"Bank stocks crack; IndusInd, ICICI Bank plunge 11%, Nifty Bank dips over 8%. ",2020-05-04,[[3.3918644e-05 1.1640870e-05 9.9995446e-01]]
367,"IDFC First Bank to boost capital by Rs 2,000 cr through preferential issue. ",2020-05-01,[[4.0855832e-04 9.9959105e-01 4.0785207e-07]]
368,"Sidbi, Nabard compete to lend to top MFIs under RBI's liquidity support. ",2020-04-30,[[9.9990928e-01 1.5243769e-06 8.9140092e-05]]
369,"Retail unsecured loans, cross-selling may decline post moratorium. ",2020-04-29,[[0.00431502 0.00216967 0.99351525]]
370,IndusInd Bank reports 18% yoy dip in pre-tax profits; sequentially down 76%. ,2020-04-27,[[3.0257472e-06 4.0131304e-06 9.9999297e-01]]
371,American Express quarterly profit plunges 76% on $1.7 bn reserve build. ,2020-04-24,[[1.4078569e-06 3.8368165e-07 9.9999821e-01]]
372,"Coronavirus impact: Bet on top-tier names in banking sector, avoid NBFCs. ",2020-04-16,[[0.9675531  0.02885847 0.00358833]]
373,"Banks, insurance firms to work as usual in new guidelines for Lockdown 2.0. ",2020-04-15,[[9.9973589e-01 3.0816369e-05 2.3326807e-04]]
374,Deposits from microbanking customers continue to be strong: Bandhan Bank. ,2020-04-13,[[9.1500908e-08 9.9999988e-01 2.1388091e-09]]
375,Delay in regulatory leeway likely to prove costly affair for banks. ,2020-03-27,[[0.04591643 0.00101457 0.953069  ]]
376,"Covid-19 relief: FM announces Rs 1.7 trn plan for poor, migrant workers. ",2020-03-26,[[9.9946874e-01 4.4575977e-04 8.5506523e-05]]
377,"YES Banks needs up to Rs 13,000 crore in equity in 1-2 years: ICRA. Coronavirus: Pressure mounts on govt to defer PSB merger amid lockdown. ",2020-03-25,[[3.1637112e-04 7.1606220e-05 9.9961203e-01]]
378,Growth biggest concern for banks now; keep an investment horizon of 3 yrs. ,2020-03-24,[[6.3186162e-06 9.0860688e-08 9.9999356e-01]]
379,FinMin may cut interest rates on small savings schemes for April-June qtr. ,2020-03-16,[[9.9685943e-01 3.4740078e-04 2.7931693e-03]]
380,"Dear governor, why save the bullet? Use it now. ",2020-03-15,[[9.9833173e-01 7.0840336e-04 9.5987925e-04]]
381,"Banks, depositors, taxpayers. ",2020-03-14,[[9.9973780e-01 8.7737200e-05 1.7452918e-04]]
382,YES Bank fiasco: RBI asks states not to withdraw funds from private banks. ,2020-03-12,[[9.9997532e-01 1.3488044e-07 2.4558531e-05]]
383,"Statsguru: How PSBs deal with integration in a challenging biz environment. Banking stocks slide to 13-month low amid fallout from YES Bank crisis. Congress asks Modi to explain 'sinking banks', not divert attention. YES Bank crisis: Paying loan? Shift ECS mandate to a nationalised bank. ",2020-03-09,[[0.4338418  0.01073201 0.5554262 ]]
384,"Low on investor confidence and growth, private banks in for tough days. ",2020-03-08,[[7.4582852e-07 4.7087087e-06 9.9999452e-01]]
385,"Private lenders faced tough times due to poor corporate governance, NPAs. ",2020-03-06,[[7.5199026e-08 1.7703874e-06 9.9999821e-01]]
386,End of uncertainty. ,2020-03-05,[[5.4307650e-03 1.4437918e-04 9.9442482e-01]]
387,"Banks to lend Rs 1.85 trn to housing, auto, MSMEs in next 6 months. ",2020-03-03,[[9.9999583e-01 4.4637392e-07 3.7294749e-06]]
388,SBI stock basking in optimism; stakes too high to disappoint investors. ,2020-02-24,[[3.3402546e-05 2.0114069e-03 9.9795520e-01]]
389,India must have at least six banks in top 100 global list: Economic Survey. ,2020-02-01,[[9.9999690e-01 1.2041861e-06 1.8705949e-06]]
390,Economic Survey: Building blocks for 'wealth creation' and $5-trn economy. ,2020-01-31,[[9.9994898e-01 4.9788632e-05 1.2152716e-06]]
391,Legislative adventurism. ,2020-01-19,[[0.97703266 0.01344481 0.00952262]]
392,Financial inclusion in 'Maoist zone' a daunting task for bank authorities. Sachin Bansal's Chaitanya India applies for universal banking licence. ,2020-01-10,[[9.9997485e-01 3.1619570e-06 2.1956852e-05]]
393,"In a first, RBI plans to put weak private lenders under the hammer. ",2020-01-08,[[2.835744e-01 4.040676e-05 7.163852e-01]]
394,"20 key industrial, political and economic developments to expect in 2020. ",2019-12-31,[[9.9895859e-01 7.4764073e-04 2.9375224e-04]]
395,RBI wants urban cooperative banks to focus mainly on priority sector. ,2019-12-30,[[9.9999988e-01 7.2367681e-09 1.6193015e-07]]
396,"Finance ministry counters RBI, says stress in banking sector declining. Bring banks on track. ",2019-12-29,[[1.3860857e-02 9.8545235e-01 6.8674644e-04]]
397,Time running out for PSBs. Loans and advances of foreign banks operating in India grew 13% in FY19. Bank frauds rise to Rs 1.13 trn in H1 FY20 due to detection delay: RBI. ,2019-12-27,[[0.00501834 0.98961216 0.00536948]]
398,Best of BS Opinion: Accountability of executive and need for more voices. ,2019-12-23,[[2.3173504e-01 7.6783401e-01 4.3095512e-04]]
399,"Slowdown in SME sector can hurt mid-sized private banks, be selective. ",2019-12-22,[[2.147376e-04 9.817902e-05 9.996871e-01]]
400,Where can you bank for your buck?. ,2019-12-19,[[9.9972957e-01 1.7211618e-04 9.8334625e-05]]
401,Investors are convinced with CSB Bank's transformation story: CEO Rajendran. ,2019-12-08,[[5.4113530e-05 9.9994409e-01 1.7524726e-06]]
402,"With history of bankruptcy, top Yes Bank investor may not meet RBI norms. ",2019-12-03,[[6.1884552e-04 5.6601505e-07 9.9938059e-01]]
403,The Mudra problem. Sebi grants exemption to govt from making open offer to UBI shareholders. ,2019-11-28,[[0.40864366 0.00326429 0.5880921 ]]
404,"Best of BS Opinion: Maharashtra govt formation, tax buoyancy, and more. ",2019-11-25,[[1.3807295e-03 9.9861801e-01 1.3450269e-06]]
405,"Financial sector needs to rebuild trust, says YES Bank CEO Ravneet Gill. ",2019-11-24,[[0.89078915 0.00156212 0.10764868]]
406,RBI mulls new rules on corporate governance; wants banks to 'disclose more'. ,2019-11-22,[[9.99976158e-01 1.11104955e-05 1.27049179e-05]]
407,Still in the tunnel: Most global banks yet to regain pre-crisis health. ,2019-11-20,[[0.43219292 0.03213872 0.5356683 ]]
408,"Listed commercial banks report Rs 6,675-crore net profit in Sep quarter. ",2019-11-19,[[9.9999154e-01 6.6111215e-07 7.7384220e-06]]
409,YES Bank has option to extend November 30 deadline on binding offer. Letter to BS: Hawk eye in banks need of the hour to detect frauds early. ,2019-11-18,[[0.9551037  0.00142059 0.04347566]]
410,"Will step up recoveries, increase provisions in H2: Union Bank of India CEO. ",2019-11-17,[[3.1083226e-01 6.8862540e-01 5.4233993e-04]]
411,"Urban cooperative banks' business size may be capped at Rs 20,000 cr. ",2019-11-12,[[9.9999881e-01 2.7460953e-08 1.1776370e-06]]
412,"Best of BS Opinion: Ayodhya judgment, rising stress in economy, and more. Private banks score on core operations, better control over bad debt in Q2. ",2019-11-11,[[1.4808686e-09 1.0000000e+00 1.9280049e-09]]
413,Moody's rating action and the Rs 28 trn revenue push. ,2019-11-10,[[0.06407905 0.9338036  0.00211738]]
414,"The lure of dollar bonds. Why debit, credit cardholders should remain beware of Joker's Stash. ",2019-11-07,[[0.96869165 0.02677075 0.00453766]]
415,"The Indian banking journey: Logic & cure. Letter to BS: Another scam unearthed, can we bank on bankers anymore?. ",2019-11-06,[[9.9971646e-01 1.5826915e-06 2.8202398e-04]]
416,"Indian Bank reports Rs 1,004-crore divergence in provisioning for bad loans. ",2019-11-02,[[9.9754059e-01 7.9490637e-06 2.4514783e-03]]
417,"Indian banking, securities sectors' IT spend to grow 9% in 2020: Gartner. ",2019-10-23,[[1.1880532e-02 9.8806924e-01 5.0193579e-05]]
418,India is paying price for repeated failure to fix banking system: Jan Dehn. ,2019-10-13,[[1.6235656e-01 7.5538162e-05 8.3756793e-01]]
419,Corporate tax cut will not benefit banks: PNB MD & CEO S S Mallikarjuna Rao. ,2019-10-07,[[0.6043357  0.00303087 0.39263332]]
420,"Loan 'mela' comes at a time when red lights are flashing in RBI's FSR. No need to panic as banking sector remains sound, stable: Shaktikanta Das. RBI won't let any cooperative bank collapse, banking sector stable: Das. ",2019-10-04,[[0.75339353 0.23034675 0.01625975]]
421,Rajasthan State Cooperative Bank recruitment 2019: apply for 715 positions. Bank liable for duplicate cheques. ,2019-10-02,[[9.9987936e-01 3.7865364e-06 1.1683253e-04]]
422,"BS Fund Manager: Unlike banks, mutual funds don't have NPAs, opine CIOs. RBI's June 7 circular raises NPA woes for merging public sector banks. YES Bank stock falls 15% as investors worry over HDIL, DHFL exposure. ",2019-09-30,[[1.8881097e-04 2.0928817e-05 9.9979025e-01]]
423,"FM to discuss external benchmarking of loans, MSME credit with pvt bankers. ",2019-09-26,[[9.9999070e-01 3.7174584e-07 8.9320829e-06]]
424,"My money is gone now': Customers panic as RBI curbs activities at PMC Bank. RBI's rules are hurting urban cooperative banks, say experts. ",2019-09-25,[[1.5940338e-04 8.1499566e-05 9.9975914e-01]]
425,RBI places restrictions on Punjab & Maharashtra Co-op Bank's biz for 6 mths. ,2019-09-24,[[9.9995995e-01 1.5564831e-07 3.9977473e-05]]
426,Lower tax rates won't change fundamental concerns for banking stocks. ,2019-09-23,[[2.4360542e-04 7.2154806e-05 9.9968421e-01]]
427,"HDFC Bank to organise 1,000 grameen loan melas in next 6 months. ",2019-09-22,[[9.9998510e-01 1.1516503e-05 3.3743829e-06]]
428,"Bank stake sales in insurance, mutual fund subsidiaries hit a wall. ",2019-09-19,[[7.0639001e-04 4.7697176e-04 9.9881661e-01]]
429,How American banks beat European peers to rule the global financial system. ,2019-09-05,[[3.8740818e-05 9.9996114e-01 7.2245761e-08]]
430,Secondary loan mkt may completely change India's banking landscape: Experts. ,2019-09-04,[[9.9997509e-01 6.4388755e-06 1.8433857e-05]]
431,Mega merger of PSBs: What happens to the bank managing directors now. ,2019-08-31,[[9.9998164e-01 3.0154781e-06 1.5350006e-05]]
432,"150,000 bankers to discuss how to make India $5-trillion economy by 2024. ",2019-08-18,[[9.9999869e-01 1.0822414e-06 2.2495986e-07]]
433,RBI may cut interest rates by 40 bps before end of FY20: Fitch Solutions. FinMin asks PSBs to begin consultation process to achieve $5-trn economy. ,2019-08-16,[[9.9998999e-01 5.5606085e-07 9.3826065e-06]]
434,"From auto to banking, grumble of slowdown is getting louder for India Inc. ",2019-08-15,[[8.1032830e-01 7.1582140e-04 1.8895592e-01]]
435,"Banks, national distributors skip mutual funds for insurance, PMS. ",2019-08-12,[[9.9999273e-01 5.8310246e-07 6.6279945e-06]]
436,"YES Bank appoints Anurag Adlakha as chief financial officer, replaces Ahuja. ",2019-08-10,[[9.9993134e-01 6.3178157e-07 6.8090281e-05]]
437,"Basic savings accounts in co-op banks should be made free, says RBI. Union Bank of India Q1 net profit rises 73% as provisions decline. ",2019-08-03,[[3.3948616e-08 9.9999988e-01 6.0611328e-08]]
438,50 years of socialism. ,2019-07-19,[[9.9966574e-01 2.5887301e-04 7.5408367e-05]]
439,"No, private sector banks were not blameless; nationalisation was inevitable. ",2019-07-18,[[5.7327414e-01 1.1897879e-04 4.2660689e-01]]
440,"IndusInd Bank Q1 net profit jumps 38% at Rs 1,433 cr; gross NPAs at 2.15%. ",2019-07-12,[[8.5871285e-08 9.9999988e-01 1.7176745e-08]]
441,"HSBC, Stanchart, Citi top charts in customer experience: Kantar report. ",2019-07-11,[[9.9997962e-01 1.6670552e-05 3.7245377e-06]]
442,Banks reported frauds worth Rs 1.8 trn in 11 years: Govt tells Rajya Sabha. ,2019-07-09,[[9.9941027e-01 2.2955116e-06 5.8746553e-04]]
443,"Rs 70K-cr capital infusion in PSBs credit positive, to boost economy: S&P. Delhi HC agrees to hear banks' plea against service tax on minimum balance. ",2019-07-08,[[3.4646184e-06 9.9999654e-01 1.6983925e-08]]
444,Bank digitisation creates new jobs: Robot programmer to blockchain expert. ,2019-06-29,[[9.174262e-01 8.250696e-02 6.677950e-05]]
445,"Banking sector to struggle for two more years amid NPA woes, says Fitch. ",2019-05-31,[[2.4787016e-07 9.8020996e-07 9.9999881e-01]]
446,Ride the economic growth theme with banking and financial sector funds. ,2019-05-30,[[2.0503009e-02 9.7921282e-01 2.8416209e-04]]
447,How the next govt can put banking and financial sector back on track. ,2019-05-21,[[9.9647743e-01 7.2389253e-04 2.7987133e-03]]
448,"Banks close FY19 with 13.24% credit growth, deposits up 10.03%. ",2019-04-11,[[1.1422464e-05 9.9998856e-01 3.2951719e-09]]
449,Some top bankers chart their own path amid crisis in India credit. ,2019-04-10,[[9.9643624e-01 1.6313187e-06 3.5620679e-03]]
450,"Reduced NPA to drive solvency of public sector banks, says Icra. ",2019-03-16,[[0.8144094  0.0811206  0.10447005]]
451,"PSBs, private banks divided over linking rates to external benchmark. ",2019-03-12,[[9.9999881e-01 1.9131869e-07 9.6544863e-07]]
452,New RBI norms on bank subsidiaries to overhaul equity holding structures. BB&T to buy SunTrust in biggest bank merger since the financial crisis. ,2019-02-07,[[9.9417651e-01 5.6434018e-03 1.8003548e-04]]
453,Banking: Where do we go from here?. ,2019-01-16,[[9.9996948e-01 7.4188024e-06 2.3070404e-05]]
454,High cost of banking services hindering financial inclusion: NITI. ,2018-12-19,[[2.1632698e-06 4.5313425e-07 9.9999738e-01]]
455,Banks plan to create blockchain platform with SWIFT India to avert frauds. ,2018-11-23,[[9.9782640e-01 2.1185768e-03 5.4977016e-05]]
456,70 big companies may be heading for resolution under the IBC: ICRA. ,2018-08-28,[[9.9997854e-01 2.0531581e-07 2.1164929e-05]]
457,"RBI should focus on streamlining credit pricing, monetary transmission: IMF. ",2018-08-10,[[9.538195e-01 4.617309e-02 7.380473e-06]]
458,Q1 earnings preview: Banking sector will take some more time to revive. ,2018-07-19,[[9.9545574e-01 3.7123109e-03 8.3201315e-04]]
459,"As govt bond yields dry up, central banks ramp up their risk taking. ",2018-07-09,[[0.95428175 0.03547348 0.01024477]]
460,Judiciary to the rescue of banks?. ,2018-06-19,[[0.98741794 0.0013425  0.01123961]]
461,Bad news from banking sector now taking a toll on Indian economy and Modi. ,2018-04-23,[[9.0603891e-07 6.7171875e-08 9.9999905e-01]]
462,The deepening crisis in India's banking sector. ,2018-03-20,[[7.333357e-05 5.293708e-07 9.999261e-01]]
463,Decline in defaults on credit given to women-led self-help groups. ,2018-03-09,[[4.1344524e-06 5.4374785e-05 9.9994147e-01]]
464,Letter to BS on attitudinal change across the banking sector in India. ,2018-02-12,[[9.9945468e-01 4.6735836e-06 5.4067245e-04]]
465,Invest 5-10% in a banking sector fund. ,2017-10-29,[[9.9987364e-01 2.9065623e-06 1.2345365e-04]]
466,Business stresses in Modi's backyard spur India's great bank rescue. ,2017-10-27,[[4.8735739e-08 2.0066057e-07 9.9999976e-01]]
467,Time to review banking sector valuations. ,2017-08-18,[[9.9989295e-01 2.5119891e-07 1.0685320e-04]]
468,Q1 FY18 results: What to expect from the banking sector. ,2017-07-12,[[9.9736881e-01 1.8877647e-04 2.4423141e-03]]
469,Banking sector: More of a crisis than opportunity. ,2017-07-05,[[3.2339729e-02 7.6700875e-04 9.6689320e-01]]
470,SBI chief Bhattacharya earned Rs 2.37 cr less than ICICI Bank chief in FY17. ,2017-06-25,[[9.9854881e-01 7.8453077e-06 1.4433658e-03]]
471,Banks' asset quality to improve after FY18: Icra. Banks to take a haircut for insolvency of non-performing assets. ,2017-06-23,[[2.2904718e-08 9.9999988e-01 1.0497816e-07]]
472,Why banks don't need as many branches as they have right now. ,2017-05-06,[[9.9995553e-01 2.7412539e-06 4.1694679e-05]]
473,"Despite automation, banking to see big rise in hiring. ",2017-05-04,[[0.7276267  0.23456874 0.03780461]]
474,"Bank unions take realistic view, sign MoU on turnaround plan. ",2017-04-09,[[9.058144e-01 9.338659e-02 7.989679e-04]]
475,Band-aid solution. ,2017-03-26,[[0.7966916  0.19843075 0.00487763]]
476,"Banks must remain prudent about NPAs, says Pranab Mukherjee. ",2016-09-10,[[0.8864574  0.00278888 0.11075377]]
477,Have the banking sector's losses bottomed out?. ,2016-08-24,[[0.1566758  0.00897606 0.83434814]]
478,"Corporate leverage in decline, banking strain remains: DBS. ",2016-07-08,[[1.4864032e-04 2.6903971e-04 9.9958235e-01]]
